EmployeeID,FirstName,LastName,Department,Salary,HireDate,PerformanceScore,ManagerID
E00001,Danielle,Reyes,Sales,151400,2025-08-18 02:10:20,3.35,E00306
E00002,Angel,Rose,Product,115818,2024-11-11 09:39:11,2.67,E00634
E00003,Joshua,Burch,Customer Success,39703,2020-01-04 15:53:46,3.31,E01152
E00004,Jeffrey,Montoya,Support,107099,2024-02-08 16:23:09,3.78,E00625
E00005,Jill,Solis,Engineering,191921,2025-07-12 19:33:38,2.93,E00939
E00006,Erica,Taylor,Engineering,197932,2019-10-14 01:21:14,2.93,E01297
E00007,Patricia,Wright,Engineering,66585,2018-11-19 13:49:00,3.84,E00848
E00008,Christopher,Davidson,Security,188087,2025-05-29 13:34:54,3.57,E00442
E00009,Robert,Sawyer,Support,78585,2021-05-14 09:51:41,3.62,E00503
E00010,Anthony,Spencer,Customer Success,61958,2023-06-22 13:10:04,3.07,E00130
E00011,Jeffery,Garcia,Engineering,61017,2020-08-31 03:09:52,3.44,E01156
E00012,William,Singleton,Product,159677,2020-01-10 07:24:23,2.95,E00597
E00013,Anthony,Rosales,Security,211422,2024-05-16 20:11:23,4.22,E00862
E00014,James,Mitchell,Engineering,178273,2023-10-07 17:49:06,4.32,E00593
E00015,Debra,Hines,Engineering,64426,2022-11-26 14:48:43,2.31,E00999
E00016,Amy,Nelson,Engineering,52778,2018-12-27 19:47:19,2.95,E00325
E00017,Jeffrey,Whitehead,Sales,211313,2022-06-10 02:26:15,2.55,E01093
E00018,Bridget,Hernandez,Finance,77229,2024-04-02 20:08:28,3.14,E00448
E00019,Lisa,Kim,Marketing,121652,2021-08-11 22:40:52,3.54,E00819
E00020,Adam,Potts,Sales,163267,2019-02-11 07:04:12,2.59,E01189
E00021,Linda,Walker,Support,214436,2024-03-07 02:31:39,2.95,E00709
E00022,Helen,Hayes,Engineering,161503,2024-10-02 00:28:44,2.9,E00265
E00023,Matthew,Bailey,Sales,119878,2024-05-11 20:14:24,3.75,E00612
E00024,Eric,Johnson,Sales,92056,2019-07-16 05:57:00,3.65,E00832
E00025,Susan,Brown,Marketing,193562,2022-03-18 12:00:25,3.09,E01302
E00026,Matthew,Shaw,Customer Success,54975,2020-05-22 22:29:58,3.72,E00674
E00027,Christopher,Young,Engineering,192795,2020-04-01 20:47:23,3.22,E00157
E00028,Colin,Vang,Finance,189351,2019-03-09 09:27:21,3.41,E00251
E00029,Melanie,Brooks,Support,177633,2022-08-12 20:27:48,4.77,E00878
E00030,Cassandra,Johnson,Engineering,123397,2018-03-19 19:14:15,4.54,E00530
E00031,Lindsay,Galvan,Support,215225,2024-11-09 10:16:56,2.69,E00327
E00032,Jessica,Combs,Engineering,68142,2019-07-21 18:22:18,4.18,E00961
E00033,Amanda,Santos,Engineering,61916,2018-04-15 13:59:09,4.17,E00895
E00034,Teresa,Moody,HR,99324,2024-12-16 22:53:10,2.8,E00097
E00035,Nicholas,Taylor,Product,211037,2022-02-03 21:26:53,4.17,E00513
E00036,Andrea,Mitchell,Customer Success,160932,2019-01-14 03:45:48,4.68,E00216
E00037,Maria,Gallegos,Sales,170720,2020-04-29 10:15:10,2.81,E01156
E00038,Christine,Horton,Engineering,201205,2023-07-10 04:27:28,2.96,E01284
E00039,Michelle,Taylor,Support,216749,2023-08-15 19:23:26,4.31,E00125
E00040,Barbara,Thornton,Marketing,131059,2018-11-29 18:31:45,3.79,E01106
E00041,Janet,West,Engineering,133317,2025-01-28 07:39:45,3.99,E01307
E00042,Brandon,Smith,Finance,70046,2023-06-26 22:20:51,3.84,E00059
E00043,Jeremy,Miller,Engineering,213136,2019-03-16 09:11:57,3.87,E00161
E00044,Keith,Scott,Operations,136459,2024-11-08 03:42:24,2.67,E00284
E00045,Christopher,Conley,Sales,80893,2020-07-20 09:31:42,4.33,E00106
E00046,Jesse,Dunn,Support,136520,2023-02-16 07:30:43,4.42,E01129
E00047,Craig,Acosta,Sales,160818,2025-09-12 06:23:13,3.44,E00228
E00048,Joshua,Rose,Finance,96272,2022-01-20 14:38:28,3.57,E00318
E00049,Cynthia,Rodriguez,Support,102649,2025-12-19 07:02:42,2.53,E00802
E00050,Michael,Roberts,Engineering,99674,2022-08-09 06:38:38,3.96,E00874
E00051,Mitchell,Turner,Product,179832,2023-12-25 15:45:31,4.0,E00472
E00052,Jason,Williams,Customer Success,187999,2024-09-30 19:36:07,3.56,E01080
E00053,Joseph,Barnes,HR,121475,2018-02-28 13:27:47,4.39,E00625
E00054,Sharon,Bauer,Operations,96367,2021-06-12 17:27:12,3.37,E00013
E00055,Deborah,Bryant,Support,178660,2019-02-27 22:02:08,4.0,E01042
E00056,Chelsea,Rodriguez,HR,156750,2021-12-24 12:21:31,2.89,E00694
E00057,George,Stein,Engineering,153154,2020-05-28 21:04:57,3.58,E00973
E00058,Jessica,Carlson,Engineering,218305,2019-03-03 13:38:58,3.48,E00113
E00059,Frank,Smith,Engineering,79738,2023-10-03 07:36:46,3.76,E00229
E00060,Noah,Robertson,Sales,68397,2018-07-30 01:28:06,3.34,E00171
E00061,Veronica,Allen,Marketing,117189,2023-02-16 20:24:33,3.51,E00295
E00062,Danielle,Thomas,Sales,111367,2023-12-07 00:11:42,4.18,E00189
E00063,Angela,Patterson,Security,155585,2020-11-14 16:43:08,3.29,E00426
E00064,Gabrielle,Mendez,Sales,111619,2025-04-21 22:44:56,2.48,E00977
E00065,Megan,Allen,Sales,146453,2020-12-02 06:57:13,4.82,E01103
E00066,Kimberly,Butler,Support,54816,2024-09-22 16:20:17,4.57,E00658
E00067,Jeremy,Beck,Engineering,208312,2019-10-11 04:12:34,2.7,E00919
E00068,Antonio,Miller,Customer Success,172348,2022-03-30 00:16:10,4.08,E01206
E00069,Leslie,Villegas,Engineering,114530,2022-12-05 03:13:16,3.25,E00499
E00070,Joseph,Jones,Product,189571,2019-05-19 14:58:17,3.78,E00762
E00071,Jason,Fox,Customer Success,143856,2018-04-18 01:21:17,3.81,E00866
E00072,Sherri,Romero,Engineering,106635,2019-07-06 14:06:09,3.44,E00826
E00073,Nancy,Mcneil,Engineering,142803,2019-11-21 13:08:02,3.05,E00071
E00074,Leonard,Spencer,Customer Success,70946,2023-03-19 06:06:45,3.12,E00248
E00075,Diana,Myers,Customer Success,90204,2025-03-31 10:56:08,2.96,E00146
E00076,Randall,Harrison,Customer Success,217958,2024-10-25 03:58:48,3.02,E01320
E00077,Robin,Reid,Customer Success,50563,2021-12-28 13:59:02,3.55,E00582
E00078,Stephen,Zavala,Engineering,127324,2024-05-17 20:24:34,3.1,E00470
E00079,Joseph,King,Sales,44847,2022-12-19 02:02:59,4.08,E00193
E00080,John,Smith,Engineering,61155,2019-10-03 02:58:13,4.64,E01092
E00081,Anna,Kramer,Security,114671,2025-11-26 02:23:22,3.19,E00494
E00082,Jose,Cooper,Support,151891,2025-04-12 13:36:52,3.77,E00052
E00083,Brenda,Quinn,Sales,118310,2021-09-26 17:04:01,3.95,E00882
E00084,Rachael,Fuller,Engineering,184381,2022-01-30 21:17:16,3.93,E00363
E00085,Reginald,Ingram,Sales,166691,2018-07-16 01:11:01,3.65,E00917
E00086,Jeffrey,Moss,Sales,216180,2020-04-01 02:25:06,4.12,E00474
E00087,Whitney,Cook,Customer Success,69707,2022-08-16 12:46:07,3.94,E00521
E00088,William,Williams,Support,186409,2025-04-26 14:02:05,2.73,E01322
E00089,Christopher,Payne,Operations,116537,2020-05-01 21:22:47,4.21,E00691
E00090,Brandon,Li,Finance,213686,2019-01-09 10:54:57,4.22,E01222
E00091,Daniel,Thompson,Engineering,126155,2019-08-05 22:31:44,3.07,E01152
E00092,Courtney,Maxwell,Customer Success,35281,2019-01-02 23:30:48,3.63,E00532
E00093,Laura,Marshall,Customer Success,193492,2024-05-27 02:03:41,4.08,E00840
E00094,Robert,Dominguez,Support,205102,2022-06-04 05:18:03,3.45,E01089
E00095,Bryan,Welch,Customer Success,167130,2024-02-17 23:39:14,4.35,E00241
E00096,Patrick,Cain,Finance,111260,2019-07-19 08:44:26,5.0,E00536
E00097,Wendy,Brown,Finance,194476,2024-08-07 23:20:32,3.05,E00083
E00098,Allison,Parsons,Marketing,195928,2020-12-24 06:37:42,2.63,E00982
E00099,Tasha,Ellis,Engineering,175272,2020-01-01 17:38:52,3.81,E00951
E00100,Michelle,Carter,Engineering,99178,2021-04-26 09:03:10,4.11,E00611
E00101,Alexander,Williams,Engineering,68997,2023-12-15 06:44:41,3.44,E00574
E00102,Jennifer,Gonzalez,Support,191683,2022-10-13 13:15:16,4.62,E00286
E00103,Erin,Williams,Sales,154273,2025-11-24 07:41:49,2.66,E00989
E00104,Amanda,Mahoney,Finance,207307,2025-12-25 03:06:24,4.09,E00459
E00105,Joseph,Robertson,Operations,201129,2021-11-20 07:06:38,3.18,E01236
E00106,Danielle,Hays,Sales,167311,2022-03-05 11:34:54,4.8,E00126
E00107,Daniel,Daniels,Marketing,161945,2021-12-17 22:56:24,4.99,E00425
E00108,Ryan,King,Customer Success,80272,2023-09-03 14:24:22,3.06,E00554
E00109,Shawn,Mullins,Engineering,124393,2018-07-29 22:28:39,3.22,E00610
E00110,Stephanie,Lee,Engineering,96212,2021-09-18 16:12:40,4.2,E01182
E00111,Nancy,Kelly,Sales,181470,2018-08-31 19:29:41,3.33,E00112
E00112,Jose,Norman,Engineering,155030,2022-07-04 15:02:51,3.57,E00402
E00113,Vincent,Glenn,HR,91503,2019-09-09 00:55:48,3.62,E00122
E00114,Guy,Rivera,Customer Success,172710,2018-09-06 04:40:21,2.26,E00273
E00115,Rita,Martinez,Support,41570,2023-05-10 15:55:22,3.59,E01318
E00116,Monica,Richardson,Operations,103785,2025-06-23 15:19:45,3.12,E00398
E00117,Kenneth,Preston,Customer Success,44110,2021-12-07 12:29:23,3.25,E00471
E00118,Danielle,Paul,Engineering,114141,2024-07-12 10:24:34,4.61,E00985
E00119,Chelsea,Kline,Operations,47115,2020-01-22 08:28:28,2.72,E01231
E00120,Eric,Hughes,Finance,74062,2021-06-15 16:55:18,4.17,E01134
E00121,Kathryn,Beltran,Customer Success,57911,2023-10-16 09:28:40,3.4,E01302
E00122,Amber,Crawford,Operations,139061,2025-08-31 08:37:08,3.4,E00569
E00123,Kimberly,Jimenez,Sales,67556,2024-09-13 20:34:45,4.15,E01138
E00124,Alyssa,Glass,Engineering,163335,2023-04-22 23:06:33,3.84,E00897
E00125,Aaron,Stone,Engineering,36969,2021-10-13 05:26:53,4.0,E00820
E00126,Mario,Owen,Marketing,78753,2019-03-20 09:24:11,4.28,E00853
E00127,Andrew,Acosta,Customer Success,170542,2023-04-12 17:16:27,3.37,E00710
E00128,Sarah,Miller,Security,156863,2024-08-01 23:59:29,3.17,E00321
E00129,Natasha,Morrison,Engineering,45225,2019-04-05 07:17:51,2.84,E00179
E00130,Marie,Short,Finance,158008,2019-05-09 05:50:58,3.02,E00897
E00131,Kyle,Gardner,Marketing,189268,2019-09-20 12:14:58,5.0,E00219
E00132,Brian,Morris,Engineering,140823,2024-02-19 01:27:55,4.47,E00789
E00133,Natalie,Miller,Engineering,48669,2020-04-13 11:02:03,2.65,E00492
E00134,Stacey,Guerrero,Sales,203452,2023-09-01 16:46:06,2.67,E00061
E00135,Christopher,Parker,HR,159398,2019-04-10 20:12:24,3.94,E01078
E00136,Todd,Morrison,Sales,145677,2025-08-15 00:58:38,3.98,E00538
E00137,Chad,Simmons,Finance,83320,2022-12-14 03:25:10,3.98,E00848
E00138,Kathleen,Norris,Customer Success,213486,2018-11-13 11:54:15,3.42,E00988
E00139,Katie,Bell,Sales,181649,2019-12-30 08:33:14,3.51,E00065
E00140,David,Williams,Product,160354,2020-09-06 05:31:27,3.83,E00586
E00141,Thomas,Berg,Product,123009,2019-09-04 22:03:11,3.66,E00171
E00142,Andrea,Gomez,Sales,63625,2025-12-26 14:55:53,2.05,E01297
E00143,Joseph,Bolton,Finance,59089,2025-10-31 22:36:42,3.44,E00535
E00144,Monique,Hill,Sales,71487,2023-04-02 12:46:48,3.0,E00693
E00145,Rodney,Whitney,Sales,145448,2021-09-25 01:42:13,3.72,E00108
E00146,Jason,Gould,Engineering,85138,2020-06-18 01:16:19,5.0,E01186
E00147,Amber,Jones,Support,208895,2020-06-12 12:05:15,3.86,E00814
E00148,Jessica,Walsh,Finance,203280,2018-02-14 23:43:28,3.38,E01005
E00149,James,Cox,Engineering,89061,2021-07-07 03:37:59,4.25,E00452
E00150,Larry,Owen,Sales,196731,2019-08-04 16:26:09,3.94,E01230
E00151,Wanda,Shelton,Operations,136376,2023-09-12 21:10:15,3.89,E00590
E00152,Debra,Cisneros,Engineering,197962,2023-07-13 15:30:35,4.02,E01040
E00153,Samuel,Thomas,Engineering,114134,2025-07-23 09:04:36,5.0,E00327
E00154,Zachary,Lawson,Finance,82055,2020-10-28 00:23:34,2.81,E00608
E00155,David,Harrington,Product,54508,2020-05-24 14:37:55,3.93,E00659
E00156,Jeffrey,Johnson,Sales,208359,2024-02-04 22:45:56,2.95,E00002
E00157,Matthew,Jones,Support,193056,2020-01-21 11:27:51,3.99,E01034
E00158,Brianna,Osborne,Customer Success,145169,2019-08-15 21:23:12,2.96,E00434
E00159,Jerry,Diaz,Engineering,43125,2022-07-18 04:51:12,3.31,E00125
E00160,Jeffrey,Reyes,Customer Success,71059,2019-03-31 13:44:14,3.39,E01105
E00161,Chad,Bradley,Sales,138409,2022-01-04 10:50:59,4.28,E00485
E00162,Crystal,Jacobs,Support,183159,2021-09-17 12:58:58,4.24,E00652
E00163,Jeremy,Shelton,Support,40704,2021-06-19 00:21:48,2.73,E01174
E00164,Rebecca,Rush,Finance,146279,2020-05-06 23:22:49,3.64,E00800
E00165,Michele,Watson,Engineering,193280,2020-11-01 02:04:43,3.1,E00873
E00166,Chad,Hines,Security,153516,2018-07-14 09:08:33,2.72,E00129
E00167,John,Berry,Sales,205954,2019-08-15 16:01:31,3.45,E00438
E00168,Elizabeth,Moreno,Engineering,191995,2018-11-30 13:48:18,3.38,E00751
E00169,Jason,Sanders,Engineering,149044,2021-10-29 01:34:34,5.0,E00501
E00170,David,Banks,Support,64165,2019-06-25 13:47:26,3.9,E01082
E00171,Selena,Wright,Support,102203,2019-04-03 22:12:46,2.64,E01222
E00172,Ashley,Wilson,Engineering,39114,2023-09-05 22:12:42,3.2,E00211
E00173,Thomas,Fitzgerald,Finance,71321,2022-09-18 09:53:01,4.31,E00902
E00174,Kristen,Porter,Engineering,108297,2022-07-23 17:44:42,5.0,E00045
E00175,Lindsey,Hughes,Support,131652,2023-04-11 18:22:40,2.49,E01121
E00176,James,Hoffman,Engineering,134304,2025-02-03 22:20:21,2.28,E01303
E00177,Collin,Green,Support,191498,2022-09-18 22:31:27,4.91,E00535
E00178,Ryan,Green,Marketing,52772,2023-11-22 10:09:08,3.87,E00461
E00179,Rodney,Griffin,HR,138754,2022-03-26 06:15:35,2.99,E00391
E00180,Stuart,Davies,Engineering,38712,2025-02-02 14:13:53,3.97,E01068
E00181,Jessica,Mitchell,Sales,167439,2021-12-23 16:49:51,1.75,E00027
E00182,Emily,Hendricks,Engineering,150142,2022-02-19 19:43:47,3.6,E00794
E00183,Tracey,Henry,HR,126736,2020-05-30 22:35:35,3.83,E01121
E00184,Corey,Martinez,Operations,86924,2024-11-17 03:45:15,4.25,E00975
E00185,Richard,Farrell,Sales,38726,2020-03-31 07:12:00,2.89,E00548
E00186,Matthew,Hayes,Support,124152,2023-10-27 13:41:50,3.66,E00621
E00187,Michelle,Roach,Customer Success,62723,2018-02-08 11:41:55,2.95,E00567
E00188,John,Wallace,Support,161969,2023-10-07 17:08:00,3.78,E00704
E00189,James,Miller,Finance,135494,2020-02-13 03:24:28,2.97,E01243
E00190,Shane,Fleming,Sales,175180,2022-09-13 06:14:09,3.31,E00185
E00191,Robert,Bruce,Engineering,70643,2024-07-18 13:14:44,2.9,E01093
E00192,Joshua,Flores,Operations,197396,2023-07-31 11:06:05,4.06,E01154
E00193,John,Reed,Operations,138896,2021-09-30 20:35:03,4.2,E00848
E00194,Sandra,Brown,Support,174999,2023-06-10 00:44:07,3.44,E00599
E00195,Scott,Daniels,Sales,128680,2018-09-29 04:12:42,3.63,E00806
E00196,Michelle,Vance,Sales,131546,2022-05-06 09:20:02,2.59,E01178
E00197,Andrea,York,Customer Success,188515,2021-08-11 04:30:02,3.39,E00079
E00198,Brent,Joseph,Operations,114973,2019-06-21 07:50:04,3.56,E00579
E00199,Yvette,Ho,Operations,98449,2019-04-03 16:02:11,5.0,E00413
E00200,Mary,Little,Customer Success,144834,2023-01-04 10:44:41,2.82,E00546
E00201,Tanya,Leon,Support,60537,2023-04-23 12:03:38,4.62,E00169
E00202,Sara,Hicks,Engineering,112576,2020-11-28 00:19:57,4.3,E00681
E00203,Melinda,Martinez,Engineering,142522,2022-03-19 19:41:41,3.8,E00583
E00204,Gabriel,Harris,Operations,57612,2024-11-22 04:41:14,4.83,E00515
E00205,Todd,Taylor,Support,41471,2019-10-08 13:48:47,3.86,E01338
E00206,Jason,Tyler,Engineering,201703,2023-05-01 04:02:34,3.87,E00032
E00207,Richard,Johnson,Engineering,66348,2022-10-08 02:22:33,3.56,E00287
E00208,Brian,Spencer,Support,36177,2020-10-12 19:02:10,4.46,E00594
E00209,Nicholas,Wood,Engineering,170832,2021-03-06 20:08:17,4.37,E01067
E00210,Tricia,Lara,Engineering,67779,2018-02-05 02:35:49,3.16,E00617
E00211,Joseph,Arnold,Support,56636,2018-11-05 21:08:10,2.68,E01025
E00212,Kristen,Salazar,Support,116889,2021-01-01 16:49:00,3.46,E00270
E00213,Spencer,Miller,Support,88551,2020-11-11 01:25:34,3.04,E01204
E00214,Rodney,Parker,Engineering,177628,2024-11-07 23:19:16,3.56,E00518
E00215,Susan,Key,Customer Success,193670,2023-05-05 20:50:37,4.47,E01127
E00216,Wendy,Higgins,Engineering,177635,2018-09-08 22:14:01,3.28,E01034
E00217,Angela,Fox,Sales,81819,2021-05-31 21:23:48,3.57,E00583
E00218,Jennifer,Hammond,Customer Success,108770,2021-02-16 08:29:45,3.64,E01114
E00219,Eric,Morrow,Support,193038,2025-04-20 09:46:36,4.19,E00226
E00220,Kenneth,Jones,Security,193059,2025-11-18 01:47:16,2.03,E00670
E00221,Tanya,Compton,Support,113714,2020-07-04 14:31:05,3.18,E00917
E00222,Beth,Day,Support,59596,2018-03-14 21:51:32,3.75,E00126
E00223,Amy,Cole,Engineering,199246,2022-12-20 17:51:30,4.44,E00956
E00224,Julie,Frazier,Sales,99106,2019-10-29 07:12:22,3.26,E01233
E00225,Brian,Cooper,Sales,94182,2018-11-26 11:09:57,2.29,E01121
E00226,Breanna,Humphrey,Sales,122163,2023-07-04 10:13:23,4.03,E00074
E00227,Wesley,Deleon,Product,74310,2025-10-22 06:43:29,3.16,E01215
E00228,Melissa,Bowman,Marketing,91088,2019-12-08 06:02:35,2.77,E00056
E00229,Eric,White,Operations,163803,2024-03-05 21:46:48,3.16,E00720
E00230,Susan,Burch,Support,174978,2024-05-01 04:22:08,3.47,E00553
E00231,Christopher,Reynolds,Customer Success,71914,2021-07-01 15:19:56,3.18,E00032
E00232,Jacob,Bartlett,Finance,145350,2023-03-25 03:28:12,2.06,E00574
E00233,Brooke,Brown,Support,80379,2024-01-16 00:13:46,4.23,E00667
E00234,Emma,Martinez,Finance,203722,2021-03-20 22:14:06,4.49,E00284
E00235,Joe,Hernandez,Engineering,212953,2021-08-14 12:18:05,4.06,E00187
E00236,David,Martin,Customer Success,81413,2019-12-21 21:34:43,2.8,E00498
E00237,Pamela,Morris,Sales,172084,2022-03-18 22:02:56,3.46,E00130
E00238,John,Fletcher,Engineering,216187,2019-06-07 13:11:08,3.6,E00639
E00239,Brooke,Reed,Support,42151,2022-07-11 11:26:23,4.02,E01316
E00240,Christine,Everett,Engineering,92716,2021-10-18 06:36:31,4.07,E00114
E00241,Robert,Jacobson,HR,128747,2021-03-16 02:59:33,3.09,E01223
E00242,Brandy,Singleton,Product,202450,2023-08-21 09:11:31,3.66,E00013
E00243,Alexandra,King,Operations,208724,2023-10-20 02:30:28,3.92,E01295
E00244,Sarah,Reid,Sales,179539,2021-12-19 19:23:16,4.62,E01239
E00245,James,Pierce,Engineering,197082,2023-07-01 05:21:44,4.09,E00444
E00246,Jennifer,Martinez,HR,156999,2025-04-24 00:17:52,4.15,E00447
E00247,John,Turner,Marketing,149793,2022-05-23 12:43:56,3.66,E00986
E00248,Randy,Ferguson,Product,143177,2023-09-05 03:46:41,4.59,E00993
E00249,Emily,Shaw,Product,47289,2023-11-25 06:59:56,3.89,E00715
E00250,Kevin,Jackson,Security,211048,2019-08-15 15:25:09,3.0,E00074
E00251,Leslie,David,Sales,209668,2020-11-17 08:53:14,4.58,E00537
E00252,Karen,Moore,Marketing,189243,2021-07-18 21:55:34,4.09,E00101
E00253,Charles,Hopkins,Security,121365,2018-05-27 05:10:10,3.29,E00176
E00254,Stephen,Le,Sales,149014,2023-12-12 15:00:18,3.26,E00427
E00255,Yolanda,Jacobs,Engineering,210211,2025-02-14 11:59:37,3.81,E01141
E00256,Wendy,Kirby,Support,214785,2019-12-13 14:25:37,3.92,E01190
E00257,Charles,Elliott,HR,195806,2019-04-10 00:58:07,3.74,E00041
E00258,Jason,Bryan,Support,107588,2020-12-05 10:52:28,3.82,E00429
E00259,Joseph,Johnson,Support,98646,2018-12-21 03:04:18,4.79,E00344
E00260,Sarah,Williams,Engineering,38654,2025-02-06 10:20:41,4.35,E00366
E00261,Nicole,May,Support,53743,2025-11-05 16:14:40,3.73,E01144
E00262,Natasha,Ray,Product,83368,2019-01-06 03:51:48,4.26,E00609
E00263,Mike,Curtis,Engineering,172513,2022-01-28 17:19:41,2.88,E00657
E00264,Eric,Wang,Finance,154735,2025-02-17 04:30:54,3.88,E00728
E00265,Martha,Butler,Operations,190683,2020-10-03 12:26:19,4.87,E00229
E00266,Jade,Fowler,Customer Success,154891,2024-06-21 02:06:12,3.45,E00825
E00267,Cheryl,Jimenez,Support,142971,2021-12-08 11:46:51,3.01,E01154
E00268,Vanessa,Burton,Customer Success,47149,2020-06-23 03:44:10,3.14,E00889
E00269,Destiny,Roberts,Sales,135102,2025-11-08 17:18:30,2.84,E01342
E00270,Alan,Frye,Sales,94189,2024-02-07 09:28:35,3.05,E00984
E00271,Lisa,Webb,Customer Success,187747,2022-09-25 18:37:38,3.34,E00836
E00272,Kevin,Ballard,Customer Success,106031,2023-06-24 10:37:52,2.62,E01297
E00273,Elizabeth,Cohen,Security,77668,2020-06-12 04:11:07,3.61,E00117
E00274,Sheila,Evans,Operations,179745,2020-10-15 06:52:46,4.23,E00818
E00275,Dennis,Jones,Finance,123204,2019-12-07 17:19:19,2.96,E00368
E00276,Darrell,Brown,Finance,189741,2018-11-22 06:59:46,4.66,E01118
E00277,Daniel,Gonzales,Customer Success,200140,2021-06-22 16:19:24,3.96,E00168
E00278,Angela,Washington,Support,175507,2018-03-03 08:35:58,4.32,E00954
E00279,Joseph,Harris,Customer Success,218321,2018-07-31 14:42:41,3.14,E00661
E00280,Cassandra,Lawson,Customer Success,72384,2024-12-30 00:00:10,4.2,E00695
E00281,Jennifer,Edwards,Operations,116929,2020-09-11 17:03:31,2.84,E00925
E00282,James,Higgins,Sales,162959,2021-08-24 04:21:06,4.22,E00152
E00283,Cynthia,Gross,Sales,111153,2022-05-30 00:46:52,3.72,E00586
E00284,Joseph,Valencia,Engineering,110388,2025-09-02 02:14:40,3.99,E00913
E00285,Tracy,Hester,Support,66401,2024-05-29 06:08:34,2.78,E00274
E00286,Rebecca,Anderson,Engineering,154503,2018-09-22 04:45:47,2.97,E00496
E00287,Meghan,Wood,Finance,162834,2024-11-14 20:10:57,4.02,E00101
E00288,Christopher,Hoffman,Support,69084,2019-10-25 07:05:57,2.94,E00557
E00289,Rodney,Flores,Sales,145641,2018-12-08 21:00:40,3.92,E01106
E00290,Joshua,Owens,Support,140111,2023-10-15 17:59:51,2.64,E00073
E00291,Adam,Adams,Engineering,202523,2025-12-01 04:09:29,4.19,E01038
E00292,Kellie,Wright,Engineering,173299,2021-04-05 08:06:42,2.74,E00157
E00293,Dana,Davis,Security,197982,2019-11-18 14:28:52,3.99,E00735
E00294,Jose,Roberts,Sales,71041,2023-11-24 08:25:10,4.04,E00132
E00295,Joyce,Cruz,Engineering,123920,2020-09-28 01:16:04,3.11,E01019
E00296,Andrea,Gilbert,Finance,100681,2021-02-16 13:09:27,4.01,E00559
E00297,Ronald,Wright,Customer Success,116571,2023-05-16 13:03:23,3.78,E00107
E00298,Alec,Grimes,Engineering,162556,2023-06-15 06:47:32,3.22,E00265
E00299,Charles,Moore,Support,61160,2023-03-07 06:41:20,2.89,E01229
E00300,Nicole,Murphy,Engineering,52633,2021-03-08 11:03:00,2.23,E01103
E00301,Rebecca,Lane,Engineering,52014,2023-11-09 18:19:15,3.84,E00155
E00302,Amy,Edwards,Finance,115532,2022-05-07 21:15:33,2.5,E00988
E00303,Mary,Hines,Support,84104,2023-06-24 19:48:34,3.67,E00997
E00304,Brandi,Jimenez,Support,207693,2019-01-02 11:35:26,3.42,E00247
E00305,Earl,Robertson,Customer Success,112231,2021-08-11 18:09:03,4.08,E00531
E00306,David,Jimenez,Product,103388,2022-02-25 21:12:58,3.39,E00858
E00307,Kyle,Parker,Finance,51014,2022-09-09 17:57:08,3.37,E00538
E00308,Rachel,Johnson,Sales,127578,2022-12-26 10:03:13,4.11,E00729
E00309,Laura,Landry,Customer Success,199827,2022-09-19 02:59:22,3.83,E01178
E00310,Michelle,Wagner,Sales,75390,2023-07-30 04:04:05,3.82,E00154
E00311,Rachel,Levy,Marketing,58711,2022-07-18 15:47:56,3.93,E00092
E00312,Jason,Lewis,Engineering,126658,2020-11-08 05:54:54,2.53,E00338
E00313,John,Gomez,Engineering,92993,2025-10-27 19:22:51,4.13,E01155
E00314,Curtis,Williams,Product,193285,2023-03-04 01:46:29,4.03,E00450
E00315,Kimberly,Simpson,Security,42421,2018-10-08 23:30:28,2.89,E00810
E00316,Nicole,Khan,Support,52727,2025-12-11 02:14:13,3.43,E00787
E00317,Richard,Pena,Marketing,147418,2023-07-07 18:03:54,3.57,E00273
E00318,Christine,Ruiz,Engineering,39358,2024-09-17 20:00:38,3.51,E00588
E00319,Eric,Herrera,Engineering,100108,2025-11-10 07:45:08,3.83,E00177
E00320,Sarah,Boone,Sales,129018,2024-01-07 17:22:24,4.6,E00831
E00321,Michelle,Jordan,Support,159457,2025-08-03 15:22:31,4.36,E00643
E00322,Theresa,Khan,Customer Success,198189,2021-07-04 21:54:27,2.68,E01073
E00323,Lisa,Luna,Support,66910,2021-12-26 14:52:24,4.04,E00567
E00324,Nicole,Gallagher,Sales,161888,2018-04-14 22:09:49,4.53,E00666
E00325,Angel,Diaz,Product,90754,2022-09-10 01:52:57,3.87,E01332
E00326,Jill,Morales,Customer Success,144847,2018-11-22 05:00:59,4.36,E00868
E00327,Martin,Hudson,Support,195443,2022-05-16 02:00:37,5.0,E01070
E00328,Sarah,Lee,Support,217573,2021-03-28 21:41:36,4.32,E00302
E00329,Leah,Tran,Marketing,73467,2019-08-01 05:49:38,3.77,E00868
E00330,Michelle,Jones,Sales,183697,2021-06-05 11:40:02,4.33,E00912
E00331,Lisa,Gordon,Sales,68893,2019-10-04 09:10:49,3.7,E00408
E00332,Joseph,Duran,Customer Success,111329,2023-12-02 18:27:59,3.62,E01213
E00333,Kristin,Ramirez,Engineering,66007,2022-03-30 14:08:43,3.35,E00822
E00334,Daniel,Hays,Engineering,205604,2024-04-01 01:42:03,4.69,E01153
E00335,Monica,Becker,Engineering,89253,2018-08-18 17:19:47,3.03,E00561
E00336,Michele,Wilson,Engineering,47323,2024-12-12 14:04:15,4.67,E01290
E00337,Jeffrey,Hester,Security,146335,2025-05-29 18:49:41,3.95,E01142
E00338,Lisa,Long,Customer Success,147356,2021-07-27 23:25:50,2.62,E00464
E00339,Steven,Norton,Finance,145944,2025-02-20 04:16:54,3.86,E00144
E00340,Kevin,Morgan,Engineering,180282,2018-01-17 09:35:53,2.13,E00442
E00341,Laura,Mcmillan,Finance,51456,2025-05-04 06:53:23,4.04,E01224
E00342,Jeremy,Fischer,Finance,66367,2022-11-14 19:26:29,4.22,E01181
E00343,Andrew,Gonzalez,Engineering,89624,2021-01-20 16:54:34,3.19,E00487
E00344,James,Hicks,Marketing,176178,2020-02-21 14:22:24,3.69,E00860
E00345,Mark,Porter,Marketing,103008,2018-01-11 12:34:05,4.97,E01158
E00346,Michelle,Williams,Support,160926,2019-08-10 11:47:35,3.25,E00148
E00347,Tammy,Taylor,Support,150395,2018-07-05 02:33:58,2.86,E01095
E00348,Joshua,Cook,Engineering,151492,2019-07-28 16:21:34,4.64,E01257
E00349,Darlene,Wells,Sales,107240,2023-11-21 05:35:22,4.97,E00811
E00350,Ricardo,Bryant,Support,99315,2019-07-15 12:08:42,3.6,E00666
E00351,Tina,Obrien,Finance,45756,2023-12-15 01:32:47,4.31,E00090
E00352,Amanda,Robertson,Security,71378,2025-06-18 09:20:56,4.54,E00199
E00353,Sheila,Murphy,Support,170327,2024-10-09 23:38:26,3.08,E01185
E00354,Darrell,Austin,Engineering,180556,2020-01-05 16:04:01,3.26,E00538
E00355,Tara,Martin,Engineering,160703,2023-03-15 18:00:48,4.46,E01145
E00356,Gregory,Ewing,Support,91549,2025-03-23 11:29:54,4.78,E00301
E00357,Sydney,Stevenson,Engineering,200575,2020-08-24 23:48:04,3.99,E00724
E00358,Joseph,Evans,Support,108794,2023-11-20 10:32:45,2.98,E00963
E00359,Daniel,Rogers,HR,80113,2020-07-07 14:38:18,4.99,E00068
E00360,Ryan,Clayton,Support,109069,2022-06-08 18:28:33,3.23,E00459
E00361,Jessica,Patel,Marketing,171321,2018-10-24 01:35:23,3.37,E00398
E00362,Lee,Erickson,Support,185273,2020-01-17 14:16:18,3.84,E00620
E00363,Catherine,Evans,Marketing,160541,2023-05-24 08:54:06,4.69,E01310
E00364,William,Cabrera,Support,44686,2019-12-24 04:20:14,4.2,E01164
E00365,Paul,Richardson,HR,88363,2021-12-07 23:06:22,3.89,E00730
E00366,Barbara,Nunez,Marketing,132543,2019-07-03 06:02:43,3.92,E00556
E00367,Jonathan,Whitney,Product,166733,2025-09-14 01:42:30,3.63,E00781
E00368,Jeanne,Silva,Operations,210915,2020-07-10 23:36:12,3.99,E00894
E00369,Aaron,Robles,Engineering,130673,2023-04-22 20:59:14,1.83,E00610
E00370,Sara,Swanson,Engineering,77828,2019-10-07 23:11:43,3.39,E00748
E00371,Amanda,Watts,Engineering,83604,2025-12-24 03:54:38,3.77,E00282
E00372,Jennifer,Johnson,Engineering,45526,2024-05-13 15:52:40,2.79,E00661
E00373,Judy,Wells,Engineering,103910,2023-08-24 02:03:31,3.87,E00924
E00374,Emily,Coffey,Support,60592,2018-06-07 11:23:24,3.46,E00996
E00375,Michael,Patton,Engineering,63982,2018-03-24 00:18:24,4.83,E00746
E00376,Chad,Parsons,Sales,35207,2020-01-26 12:17:20,4.7,E00087
E00377,Elizabeth,Lane,Security,123733,2022-09-10 10:56:48,3.27,E01103
E00378,Mark,Griffith,Engineering,159982,2024-08-04 17:05:36,3.49,E01229
E00379,Lee,Silva,Customer Success,103619,2020-06-18 06:27:43,3.55,E00791
E00380,Melanie,Jackson,Sales,195400,2025-03-13 19:08:55,3.28,E01278
E00381,Jennifer,Fuller,Engineering,81479,2019-02-25 18:51:17,3.74,E00304
E00382,Kevin,Harvey,Support,186175,2018-10-28 15:01:22,3.07,E00130
E00383,Kyle,Randall,Support,205963,2019-06-22 19:38:34,2.81,E00596
E00384,Ricky,Hernandez,Operations,176826,2022-03-11 13:57:24,4.04,E01300
E00385,Richard,Becker,Customer Success,116437,2019-06-03 14:26:20,4.04,E00558
E00386,Kenneth,Johnson,Customer Success,133540,2022-08-19 18:59:58,3.04,E00899
E00387,David,Vaughan,Sales,107982,2018-03-21 03:56:29,4.23,E01207
E00388,Robert,Rodriguez,Engineering,137747,2022-07-11 15:24:44,3.16,E01292
E00389,Shelby,Smith,Customer Success,83231,2024-12-29 05:50:22,3.78,E01346
E00390,Erica,Edwards,Customer Success,64301,2024-05-02 00:10:30,4.17,E00078
E00391,Raven,Hernandez,Product,207395,2020-08-08 06:23:11,3.58,E00784
E00392,Christina,Vaughn,Marketing,53752,2019-09-19 04:05:05,3.92,E00674
E00393,Kevin,Jenkins,Sales,133452,2023-05-10 18:35:11,3.24,E00238
E00394,Amy,Hampton,Customer Success,179467,2025-05-21 03:35:49,3.46,E01158
E00395,Aaron,Knapp,Sales,156237,2018-01-12 00:54:52,3.46,E01216
E00396,Justin,Salas,HR,91273,2022-02-27 14:55:17,3.08,E00278
E00397,Russell,Fitzgerald,Security,126878,2022-10-17 03:31:54,3.48,E01042
E00398,Bethany,Brown,Marketing,39895,2018-09-08 03:55:33,2.52,E00524
E00399,Diana,Taylor,Customer Success,154968,2021-09-15 10:06:01,3.26,E00180
E00400,Steven,Clark,Customer Success,150700,2019-04-15 00:32:41,3.4,E00123
E00401,Scott,Nguyen,Engineering,111559,2019-01-11 00:28:47,3.42,E01270
E00402,Jason,Bates,Operations,45699,2024-09-21 11:14:05,3.43,E01075
E00403,Thomas,Fox,Finance,44715,2020-08-25 20:56:52,3.56,E01095
E00404,Rachel,Edwards,Security,54169,2024-04-16 09:15:59,3.94,E00480
E00405,Laura,Thompson,Sales,153413,2018-12-29 18:36:59,4.21,E01043
E00406,Gene,Barr,Operations,182235,2025-05-30 02:06:57,3.15,E00084
E00407,Christopher,Peterson,Marketing,154264,2020-11-05 07:24:24,2.76,E01179
E00408,Zachary,Gomez,Engineering,40782,2021-11-30 15:51:51,2.87,E00565
E00409,Cynthia,Ingram,Operations,159481,2024-03-14 08:41:06,3.26,E00619
E00410,Matthew,Le,Engineering,70585,2021-02-27 12:36:07,3.35,E00357
E00411,Loretta,Schneider,Sales,65682,2021-11-21 15:00:45,3.06,E00816
E00412,Karen,Steele,Product,213936,2020-09-18 14:54:48,2.69,E00647
E00413,Emily,Bishop,Product,164992,2023-11-28 03:05:01,3.28,E00443
E00414,Jeffrey,Lee,Support,119416,2019-03-17 14:18:22,3.73,E01093
E00415,James,Wright,Support,162810,2025-03-21 22:22:26,4.02,E00523
E00416,Andrew,Grant,Marketing,73067,2019-10-16 17:46:25,3.21,E00143
E00417,John,Walker,Sales,208757,2025-01-20 01:12:39,3.31,E00192
E00418,Thomas,Dudley,Sales,53073,2025-10-11 20:59:05,2.95,E00378
E00419,Melissa,Evans,Support,71035,2020-03-04 20:07:12,3.58,E00581
E00420,Charles,Roberts,Customer Success,125373,2021-09-19 16:40:07,3.01,E00535
E00421,Robert,Clark,Customer Success,118362,2024-01-28 01:00:54,4.0,E01317
E00422,Crystal,Bush,Customer Success,125517,2018-04-26 04:57:01,2.35,E01033
E00423,James,Stewart,Engineering,100450,2019-12-13 14:47:34,3.35,E01295
E00424,Heather,Bailey,Finance,45382,2024-01-05 07:14:10,3.81,E00093
E00425,Troy,Peck,Engineering,170509,2024-11-08 21:10:24,3.73,E00529
E00426,John,Pope,Support,96929,2021-12-26 15:15:47,5.0,E01178
E00427,Diana,Hill,Marketing,133864,2020-12-11 23:00:40,3.84,E00405
E00428,Adam,Martinez,Operations,178401,2019-01-29 00:36:52,2.9,E00840
E00429,Karen,Rhodes,Sales,60169,2025-03-18 10:59:12,3.53,E01173
E00430,Kayla,James,Engineering,122468,2018-11-21 14:02:54,2.36,E00889
E00431,Daniel,Baird,Engineering,69594,2020-06-06 08:13:24,3.54,E01291
E00432,Ronald,Cardenas,Customer Success,80033,2018-10-09 15:34:36,3.02,E00422
E00433,Gregory,Blevins,Support,98133,2018-06-20 09:39:51,4.24,E00472
E00434,Susan,Ballard,Engineering,108861,2020-07-29 15:45:08,3.22,E00893
E00435,April,Roberts,Engineering,218362,2019-04-14 14:24:59,3.52,E00547
E00436,Brent,Roberts,Customer Success,66750,2022-07-26 07:23:43,3.16,E00631
E00437,John,Klein,Engineering,75461,2020-03-12 03:03:26,4.82,E01038
E00438,Melinda,Reed,Security,113222,2019-04-14 11:35:28,3.38,E00778
E00439,Stephen,Ramos,Customer Success,147020,2022-07-20 09:19:31,4.88,E00364
E00440,Laurie,Scott,Engineering,59226,2019-09-16 01:57:54,4.17,E00119
E00441,Elizabeth,Mendoza,Engineering,41721,2024-12-15 09:34:57,3.94,E01262
E00442,Vanessa,Harris,Product,55609,2023-09-15 01:34:54,3.86,E00546
E00443,Caitlin,Ryan,Sales,218202,2021-07-21 16:08:07,3.88,E01193
E00444,Stephanie,Fitzpatrick,Sales,165513,2021-04-13 00:38:46,2.25,E00522
E00445,Patricia,Horton,Customer Success,139211,2024-10-27 20:48:08,3.4,E00634
E00446,Cheyenne,Taylor,HR,214967,2022-11-08 03:29:37,4.19,E00963
E00447,Jennifer,Gilbert,Product,171728,2020-01-24 01:51:41,3.57,E00958
E00448,William,Matthews,Customer Success,159865,2022-02-16 22:25:17,2.62,E00883
E00449,Maria,Sanchez,Sales,109520,2022-06-06 17:21:03,3.56,E00780
E00450,Amy,Santiago,Engineering,99309,2022-05-16 00:32:29,4.79,E00871
E00451,Phyllis,Schmidt,Customer Success,64984,2021-05-02 19:47:42,4.47,E00516
E00452,Julia,Little,Support,153947,2018-06-24 11:24:21,3.56,E00938
E00453,Thomas,Williams,Marketing,40901,2025-08-22 14:27:22,4.27,E00866
E00454,Jonathon,Gutierrez,Operations,197624,2022-12-11 12:04:50,3.34,E00106
E00455,John,Love,Engineering,66055,2024-09-08 06:46:31,2.41,E01109
E00456,Dana,Garcia,Finance,203757,2024-08-07 20:28:50,2.95,E00214
E00457,Katie,Townsend,Engineering,180788,2018-12-19 10:29:33,4.69,E01145
E00458,Adrienne,Smith,Finance,149099,2025-12-04 21:18:51,3.41,E01156
E00459,Courtney,Pierce,Engineering,46138,2019-12-24 19:41:00,3.43,E00850
E00460,Joshua,Hickman,Engineering,201370,2019-05-22 10:47:08,3.39,E00197
E00461,Chris,Russell,Engineering,217184,2019-05-25 20:13:19,4.93,E00019
E00462,Justin,Donovan,Support,58429,2019-05-03 23:30:41,4.74,E00642
E00463,Joseph,Johns,Customer Success,85200,2018-10-30 16:09:16,5.0,E01036
E00464,Luis,Woods,Support,214316,2020-05-25 15:46:04,3.49,E01105
E00465,Amber,Gonzalez,Product,136268,2023-03-26 22:08:18,3.81,E00330
E00466,Devon,Maynard,Sales,52347,2021-01-27 06:55:54,2.54,E00866
E00467,Jesse,Morris,Sales,182992,2025-09-06 20:36:53,4.63,E00774
E00468,Heather,Brewer,Security,66822,2024-09-29 22:09:19,2.78,E00392
E00469,Jasmine,Velez,Engineering,212731,2025-09-21 23:46:09,3.75,E00637
E00470,Caleb,Davis,Product,75108,2019-12-15 22:37:27,2.83,E00307
E00471,Rick,Andrews,Engineering,163955,2024-11-11 23:17:36,3.19,E01291
E00472,Amy,Nichols,Product,42967,2018-02-01 00:46:46,3.01,E00895
E00473,Robert,Sharp,Engineering,145719,2022-01-10 03:40:17,3.17,E00652
E00474,Jamie,Zuniga,Operations,46871,2024-01-22 21:06:49,3.22,E00841
E00475,Robert,Gentry,Finance,199685,2025-06-13 16:53:15,3.22,E01026
E00476,Rebecca,Thompson,Product,63179,2020-08-31 15:34:39,4.18,E00520
E00477,Brandy,Khan,Engineering,218260,2023-07-20 04:26:13,2.83,E00636
E00478,Heather,Thompson,Support,90099,2024-11-01 17:58:19,3.75,E01333
E00479,Melissa,Gillespie,Product,70262,2020-09-30 23:22:41,4.45,E00740
E00480,Kathy,Osborn,Finance,113213,2019-06-02 01:52:01,3.24,E00469
E00481,Omar,Sanders,Support,152407,2021-01-28 22:51:05,3.1,E00212
E00482,Adam,Simpson,Support,184340,2021-10-17 14:07:08,3.44,E01136
E00483,Michael,Zuniga,Marketing,121269,2023-09-12 14:16:23,4.43,E01032
E00484,Karen,Hayden,Support,95545,2024-03-01 09:39:58,3.74,E00804
E00485,Melissa,Howe,Support,74922,2021-03-19 18:46:54,3.23,E00477
E00486,Stephanie,Mcdowell,Operations,77913,2024-02-10 05:04:59,3.94,E00874
E00487,Robert,Smith,Engineering,132033,2024-12-05 06:58:41,2.83,E00460
E00488,Julie,Bradley,Sales,139792,2022-03-22 05:48:22,4.08,E00253
E00489,Amy,Rodriguez,Product,215913,2021-07-31 16:18:10,3.89,E00752
E00490,Carrie,Bird,Operations,212404,2025-04-12 15:23:51,3.38,E00981
E00491,Jeffrey,Mitchell,Marketing,154863,2023-10-15 10:28:38,3.01,E00854
E00492,Jeffrey,Hays,Support,191104,2025-05-19 16:35:25,2.98,E00236
E00493,Ryan,Daniels,Sales,203918,2021-09-20 13:28:23,3.97,E01330
E00494,Anthony,Snyder,Engineering,79936,2022-02-05 09:55:09,4.46,E00478
E00495,Matthew,Mays,Finance,195866,2020-03-14 17:11:18,3.15,E00679
E00496,Erin,Rosales,Sales,216403,2022-03-27 12:52:42,3.92,E01044
E00497,Richard,Mcdonald,Support,63141,2020-12-30 23:08:37,2.14,E00216
E00498,Frederick,Lee,Engineering,175146,2019-03-24 04:17:32,3.19,E00855
E00499,Tanner,Rodriguez,Product,172478,2020-10-28 20:39:02,3.58,E00135
E00500,David,Martin,Product,132359,2023-04-20 13:37:56,2.96,E00905
E00501,Cindy,Stevens,Support,158279,2022-01-17 22:09:42,2.94,E01153
E00502,Anthony,Scott,Finance,189363,2023-03-31 06:52:48,3.13,E00410
E00503,Phillip,Lopez,Sales,76568,2024-08-31 19:57:04,3.8,E01318
E00504,Anne,Doyle,Customer Success,132539,2020-02-09 07:38:16,3.47,E01270
E00505,Anthony,Gibbs,Support,81851,2022-04-29 11:48:45,2.03,E00086
E00506,Dawn,Bradley,Engineering,89823,2023-08-25 00:54:12,2.12,E00556
E00507,Derek,Todd,Operations,58312,2022-08-01 16:53:32,3.18,E00378
E00508,Steven,Thompson,Security,209180,2023-07-31 18:40:20,3.92,E01075
E00509,Brent,Chase,HR,200243,2021-09-10 13:03:14,1.68,E00242
E00510,Nicholas,Prince,Customer Success,207851,2024-03-02 13:48:36,3.25,E01318
E00511,Jason,Wilcox,Support,133723,2023-08-07 03:46:26,3.23,E00920
E00512,Mark,Robertson,Marketing,47411,2021-02-08 06:16:24,4.57,E00266
E00513,Kathleen,Miller,HR,92009,2019-04-23 18:53:12,3.33,E01144
E00514,Nicholas,Caldwell,Security,181494,2018-01-18 01:02:22,3.87,E00712
E00515,Karen,Lopez,Engineering,208540,2019-11-10 23:54:56,3.7,E01272
E00516,Marie,Taylor,Engineering,67371,2022-05-25 05:12:22,2.11,E00070
E00517,Johnny,Morris,Sales,92022,2018-06-03 07:17:42,4.14,E00057
E00518,Christopher,Wright,Customer Success,106229,2025-05-29 21:39:43,3.75,E00039
E00519,Andrew,Green,Product,134071,2019-08-13 01:17:49,3.96,E00801
E00520,Amber,Young,Engineering,217268,2020-03-28 13:51:05,5.0,E01042
E00521,Zoe,Molina,Support,131774,2021-03-07 11:16:25,2.14,E00732
E00522,Michael,Finley,Marketing,61715,2019-03-21 00:16:35,4.81,E00825
E00523,Debra,Turner,Product,62605,2025-06-10 00:45:41,3.4,E00756
E00524,Kimberly,Sharp,Security,134853,2019-04-07 02:28:03,3.8,E00352
E00525,Denise,Smith,Security,66174,2019-08-25 00:55:47,3.57,E01322
E00526,Karen,Valdez,Finance,176028,2025-11-04 04:01:35,3.3,E00283
E00527,Stefanie,Schwartz,Marketing,111373,2021-07-30 07:25:37,3.2,E00110
E00528,James,Brown,Sales,104252,2025-05-29 19:31:25,3.83,E01017
E00529,Andrew,Wilson,Engineering,105017,2021-06-30 04:44:33,2.54,E01204
E00530,Elijah,Parker,Security,98037,2021-08-07 23:13:31,4.13,E00544
E00531,David,Sullivan,Customer Success,124818,2024-06-02 00:14:37,3.31,E00025
E00532,Elizabeth,Shaw,Product,41548,2019-05-14 19:58:43,2.81,E00843
E00533,Anne,Jacobson,Product,151981,2025-03-29 06:59:00,3.28,E00791
E00534,Jeffery,Padilla,Support,189249,2025-05-06 07:00:39,4.48,E00738
E00535,Holly,Collins,Customer Success,59022,2023-06-10 22:12:30,3.23,E00057
E00536,Katie,Wilson,HR,141297,2025-02-22 20:05:41,3.85,E00180
E00537,Gary,Hendricks,Security,171614,2018-02-09 05:14:05,3.09,E00232
E00538,Catherine,Phillips,Sales,95428,2020-09-29 15:37:34,4.13,E00343
E00539,Julie,Mendez,Marketing,188812,2025-10-27 00:55:31,4.08,E00477
E00540,Danny,Robinson,Engineering,94353,2020-06-07 14:50:52,4.89,E00576
E00541,Lori,Anderson,Product,148132,2023-09-09 11:25:46,3.48,E00455
E00542,Tami,Hernandez,Support,51052,2021-06-13 23:08:06,4.07,E01256
E00543,Daniel,Adkins,Engineering,135689,2022-07-07 03:37:43,3.67,E00289
E00544,Anthony,Obrien,Support,213148,2020-11-30 06:23:13,4.51,E01237
E00545,Larry,Perry,Support,219492,2021-08-07 14:51:55,3.1,E00258
E00546,Erica,Dunn,Sales,166743,2022-07-30 11:10:22,4.12,E00530
E00547,Susan,Ruiz,Engineering,35163,2022-08-31 18:34:53,3.46,E00687
E00548,Randy,Medina,Support,76424,2018-12-14 13:58:57,3.56,E00929
E00549,Jennifer,Beck,Finance,219816,2019-03-15 20:38:41,3.66,E00229
E00550,Charles,Robinson,Customer Success,176706,2019-07-15 15:17:11,3.78,E01250
E00551,Hannah,Wright,Finance,170870,2018-08-15 13:32:17,3.52,E00596
E00552,Courtney,Fischer,Security,57420,2022-08-29 03:54:38,3.75,E00435
E00553,Curtis,Marks,Support,155575,2025-05-24 20:38:34,4.7,E00882
E00554,Kendra,Miller,Support,64300,2020-12-07 02:37:28,4.29,E01021
E00555,Melissa,Griffin,Operations,124881,2021-09-26 09:06:56,4.21,E00402
E00556,Caroline,Padilla,Marketing,45749,2018-09-10 20:47:10,3.28,E00622
E00557,David,Miller,Engineering,139131,2023-06-24 18:02:32,2.98,E00088
E00558,Tonya,Elliott,Engineering,191193,2018-01-07 16:42:06,4.27,E00584
E00559,Kimberly,Brown,Customer Success,163563,2018-03-18 12:43:28,4.21,E00309
E00560,Michael,Kelley,Support,72487,2019-07-08 05:34:49,4.63,E00906
E00561,Ross,Wagner,Customer Success,199433,2022-06-30 06:23:24,3.18,E00343
E00562,Mitchell,Armstrong,Engineering,56223,2024-05-18 00:30:17,3.44,E00436
E00563,William,Hernandez,Engineering,107930,2021-09-30 22:58:25,2.45,E00177
E00564,Matthew,Murphy,Engineering,180128,2021-07-24 21:30:07,3.33,E00139
E00565,Melissa,Meyer,Sales,63380,2022-03-21 07:27:17,4.3,E00194
E00566,Lynn,Wilson,Support,61035,2020-08-26 04:20:53,3.27,E01210
E00567,Daniel,Harris,Marketing,65620,2020-10-27 07:57:04,4.05,E01242
E00568,Susan,Aguilar,Marketing,185949,2018-01-10 10:13:42,3.47,E01188
E00569,Cynthia,Davis,Operations,152360,2020-10-29 07:25:11,3.83,E01185
E00570,Maria,Dixon,Sales,88352,2021-08-27 03:34:09,2.8,E00943
E00571,Jasmine,Stokes,Finance,196983,2022-01-04 20:41:43,3.66,E00525
E00572,Ryan,Chavez,Customer Success,198856,2018-07-09 21:20:40,1.51,E01066
E00573,Jessica,Palmer,Marketing,38191,2021-10-17 11:05:41,3.47,E00915
E00574,Tammy,Bryant,Support,199232,2018-05-27 13:42:03,2.46,E00210
E00575,Joseph,Brown,Security,125536,2025-04-08 17:31:36,4.44,E00741
E00576,Lindsey,Ford,HR,139576,2020-10-01 21:59:27,4.14,E00862
E00577,Amanda,Roman,Engineering,215795,2018-07-07 09:57:48,3.93,E01299
E00578,Timothy,Cummings,HR,38631,2025-08-10 04:14:19,4.66,E00954
E00579,Ryan,Foster,Finance,172244,2023-05-13 04:56:42,2.94,E01303
E00580,Jessica,Velasquez,Sales,77080,2019-12-08 14:45:12,4.82,E01275
E00581,Joseph,Reese,Marketing,125353,2024-06-30 20:46:56,4.25,E01334
E00582,Melissa,Lane,Product,186353,2018-09-03 01:37:46,3.43,E00833
E00583,Mariah,Williams,Finance,63671,2020-10-10 18:08:18,4.39,E00140
E00584,Christopher,Cooper,Sales,157811,2018-05-04 11:56:56,2.83,E00792
E00585,Nicole,Brown,Support,217503,2022-02-10 20:12:10,3.02,E00546
E00586,John,Mcknight,Sales,162734,2025-05-10 17:45:05,3.17,E01017
E00587,Steven,Michael,Engineering,194674,2018-02-12 03:36:11,3.23,E00057
E00588,Cheryl,Jones,Engineering,86399,2019-04-08 18:15:31,2.86,E00112
E00589,Nicholas,Peck,Engineering,189544,2023-04-20 08:14:27,4.46,E00005
E00590,Anthony,Johnson,Engineering,215302,2022-05-20 15:52:49,3.42,E01206
E00591,Melissa,Ortiz,Engineering,42099,2020-04-18 17:14:54,3.85,E01037
E00592,Hunter,Mack,Support,191503,2018-09-30 14:26:58,3.2,E01283
E00593,Jason,Cannon,Engineering,91492,2024-06-13 11:56:02,2.33,E00090
E00594,Lauren,Good,Sales,131722,2022-10-04 00:47:44,3.79,E00616
E00595,Matthew,Brewer,Operations,213756,2018-04-26 00:18:13,2.26,E00891
E00596,Nicole,Fisher,Finance,65111,2018-04-26 05:32:31,3.55,E00698
E00597,Jacqueline,Haney,Support,98936,2021-08-14 05:16:59,2.64,E01274
E00598,Joshua,Reyes,Engineering,188686,2024-10-28 11:25:38,4.99,E01279
E00599,Alejandro,Kane,Engineering,208063,2021-08-24 17:08:52,4.24,E00898
E00600,Stacy,Knox,Engineering,95920,2025-04-14 15:02:40,3.67,E00971
E00601,Christopher,Bennett,Engineering,98530,2023-10-04 08:01:26,4.48,E01132
E00602,Jennifer,Vega,Sales,202296,2025-08-31 09:16:09,3.01,E00668
E00603,Tracy,Stanley,Engineering,42788,2018-04-16 20:03:40,3.98,E00594
E00604,Katherine,Ryan,Engineering,63082,2019-09-21 18:36:16,3.74,E00589
E00605,Hannah,Valdez,Engineering,158287,2025-07-05 13:31:39,3.78,E00485
E00606,Debbie,Bailey,Finance,124570,2019-01-19 08:37:46,4.49,E00982
E00607,Travis,White,Engineering,136015,2022-04-28 05:40:40,4.11,E00972
E00608,Laura,Medina,Sales,118588,2020-03-24 02:46:15,3.8,E01282
E00609,Christopher,Rice,Finance,182603,2024-12-02 15:43:50,2.44,E00639
E00610,Jeffrey,Luna,Support,123340,2018-08-05 21:35:05,2.93,E00997
E00611,Heather,Walker,Engineering,129439,2019-12-03 16:51:58,3.51,E00282
E00612,Kevin,Smith,Customer Success,210929,2023-09-17 11:59:18,3.67,E00986
E00613,Bonnie,Johnson,Support,176214,2018-07-30 08:14:12,2.81,E01112
E00614,Thomas,Evans,Engineering,150053,2021-06-23 21:37:24,5.0,E01228
E00615,Alyssa,Nunez,Operations,83355,2018-01-26 09:54:50,4.66,E00016
E00616,Ronald,Stephens,HR,175938,2023-08-20 06:43:24,4.02,E01175
E00617,Julie,Patel,Engineering,160426,2025-11-13 14:42:44,3.65,E00936
E00618,Mark,Morrow,Sales,99027,2021-11-20 02:29:52,3.45,E00254
E00619,Jacqueline,Wright,Customer Success,194210,2021-11-14 17:32:07,2.93,E01212
E00620,Joseph,Reed,Customer Success,127601,2019-07-03 16:35:55,3.65,E00329
E00621,John,Hill,Engineering,64956,2018-08-17 16:47:06,3.78,E00544
E00622,David,Pineda,Engineering,139797,2019-10-22 18:57:20,2.73,E00783
E00623,James,Hardy,Sales,159917,2024-12-15 14:29:23,3.83,E00997
E00624,David,Rodriguez,Finance,161303,2020-01-18 16:00:46,3.49,E00845
E00625,Amanda,Pacheco,Support,171511,2018-11-19 05:41:44,2.26,E01193
E00626,Kathleen,Barnes,Sales,213313,2024-07-16 16:31:25,3.0,E00366
E00627,Jacob,Miranda,Finance,77533,2020-07-31 21:44:40,3.31,E01202
E00628,Javier,Stephenson,Customer Success,194342,2023-11-01 19:50:44,4.92,E00655
E00629,Todd,Smith,Engineering,113815,2023-02-28 08:20:35,3.99,E00760
E00630,Jenny,Harris,Sales,74279,2022-05-01 23:20:50,2.67,E00639
E00631,Tiffany,Garcia,Customer Success,144787,2019-04-10 06:44:34,3.94,E01064
E00632,Alicia,Johnson,Operations,189960,2020-08-09 21:54:19,2.52,E00924
E00633,Justin,Harper,Finance,183702,2024-07-23 08:09:13,4.36,E00416
E00634,Craig,Warner,Finance,96063,2023-10-05 03:29:20,3.27,E00255
E00635,James,Williams,Engineering,162896,2024-06-21 17:54:44,3.53,E01167
E00636,Jeremy,Yang,Marketing,201216,2020-08-17 09:34:39,4.53,E00710
E00637,Harry,Morales,Finance,218233,2019-05-19 01:46:14,2.7,E00577
E00638,Alexis,Young,Sales,217051,2018-01-20 22:35:07,2.62,E00900
E00639,Amanda,Robinson,Sales,132661,2025-04-04 13:26:23,3.19,E00011
E00640,Joshua,Shields,Sales,173051,2025-11-09 17:32:24,4.33,E00026
E00641,Terri,Brown,Engineering,192261,2023-03-28 05:47:14,2.54,E00957
E00642,Angela,Gordon,Sales,208672,2020-10-01 03:04:14,1.62,E00421
E00643,Heidi,Roberts,Engineering,158257,2024-08-06 19:56:31,3.28,E01245
E00644,David,Cabrera,Sales,121205,2020-11-28 22:34:57,3.99,E00496
E00645,Miranda,Dennis,Engineering,41910,2019-04-14 11:26:55,4.44,E01261
E00646,Travis,Flores,Operations,81857,2025-08-26 01:45:49,3.28,E00237
E00647,Monique,Harper,Support,69964,2020-10-30 00:14:26,3.31,E01009
E00648,Audrey,Chambers,Support,191299,2025-10-20 01:22:51,4.41,E00219
E00649,Taylor,Flores,Customer Success,172050,2018-05-24 05:28:08,2.29,E00461
E00650,Scott,Turner,Finance,52153,2025-02-15 13:58:19,3.33,E00663
E00651,Jack,Thomas,Engineering,94765,2024-04-28 08:58:46,3.73,E00635
E00652,Brett,Keller,Finance,143212,2020-05-23 06:59:52,3.91,E01168
E00653,Shelley,Walker,Support,74071,2023-08-26 04:42:57,3.24,E00990
E00654,Tim,Turner,Customer Success,147990,2025-02-01 09:09:56,3.62,E00189
E00655,Lynn,Brown,Marketing,104519,2019-04-27 04:33:16,1.86,E00255
E00656,Richard,Fry,Engineering,44503,2023-07-22 01:18:27,3.14,E00068
E00657,Charles,Hobbs,Sales,130457,2023-02-25 10:25:34,3.92,E00616
E00658,Crystal,Buck,Sales,182977,2022-05-18 08:59:45,2.91,E00336
E00659,Brian,Garrett,Support,80838,2021-05-02 14:32:47,3.64,E00671
E00660,Edward,Simmons,Support,160200,2025-12-26 02:01:44,3.91,E00821
E00661,Anna,Simpson,Sales,124489,2022-05-28 07:12:08,3.36,E00874
E00662,Kevin,Compton,Product,61806,2025-10-17 13:37:41,3.72,E00300
E00663,Victoria,David,Support,211072,2022-09-26 00:18:18,2.93,E00357
E00664,David,Powers,Engineering,188240,2023-11-08 08:39:17,3.46,E00256
E00665,Kathy,Floyd,Engineering,105119,2018-09-14 08:13:43,4.03,E01008
E00666,Catherine,Flores,Engineering,73714,2021-02-03 01:52:21,3.71,E00353
E00667,Krystal,Butler,Sales,90419,2021-11-04 20:26:08,3.19,E00524
E00668,Jeremiah,Hernandez,Engineering,215217,2024-04-17 15:10:27,3.76,E00950
E00669,Alexandra,Bennett,Engineering,140432,2025-03-10 08:35:56,4.1,E00756
E00670,Shannon,Webster,Sales,127949,2018-07-19 23:40:06,2.17,E00284
E00671,Scott,Wells,Engineering,168533,2024-02-28 11:53:16,4.41,E01336
E00672,Michelle,Atkinson,Operations,180363,2022-11-22 12:30:36,3.36,E00099
E00673,Veronica,Turner,Engineering,212876,2024-03-01 22:45:53,3.9,E00197
E00674,Kevin,Zimmerman,Finance,111971,2020-09-08 00:00:08,4.44,E00482
E00675,Christine,Shaffer,Marketing,128471,2019-07-31 16:24:55,2.64,E00878
E00676,Chelsea,Melendez,Product,99946,2025-08-06 04:41:43,3.1,E01250
E00677,Jody,Hart,Engineering,133989,2021-08-17 06:28:22,3.4,E00615
E00678,Stacey,Faulkner,Marketing,119080,2018-02-06 00:04:51,3.05,E00618
E00679,Jared,Grant,Product,112794,2024-12-15 01:38:25,4.81,E00368
E00680,Jason,Anderson,Security,65841,2024-10-01 10:59:14,3.0,E00570
E00681,Donna,Sanchez,Customer Success,159447,2018-06-05 11:03:55,3.21,E00590
E00682,Eric,Harris,Sales,155029,2023-01-18 20:15:01,3.74,E01099
E00683,Glenn,Lucas,Engineering,214830,2020-09-12 21:13:15,2.76,E01066
E00684,Charles,Nielsen,Support,111272,2025-02-07 19:23:23,3.32,E00422
E00685,Aaron,Boone,HR,72643,2020-09-27 17:06:28,3.82,E00836
E00686,Shannon,Davis,Support,216480,2025-10-14 02:57:31,3.37,E01205
E00687,Brittney,Hardy,Support,78950,2021-07-01 21:30:15,3.53,E00545
E00688,Kelly,Lee,Sales,135500,2022-03-04 19:49:09,3.23,E00071
E00689,Jesse,Adams,Customer Success,194116,2019-08-06 08:52:05,2.54,E01129
E00690,Jasmine,Nunez,Engineering,160588,2020-04-08 22:20:48,3.83,E01224
E00691,Jacqueline,Morrison,Sales,50997,2020-01-27 08:12:19,4.83,E01125
E00692,Shawn,Russo,Marketing,114751,2021-02-09 10:46:44,3.61,E00768
E00693,Grace,Lopez,Finance,133605,2023-02-03 15:23:39,3.76,E00307
E00694,Sandra,Gill,Sales,189983,2023-11-08 21:17:30,4.08,E00377
E00695,Kristin,Ramsey,Engineering,90533,2025-07-11 06:44:50,2.71,E00655
E00696,Colleen,Hansen,Support,117566,2023-09-13 04:52:28,4.79,E00678
E00697,Donna,Mendoza,Sales,180643,2025-11-27 18:23:52,3.74,E00399
E00698,Sarah,Booth,Support,143255,2019-06-22 08:09:20,4.74,E00221
E00699,Ronald,Cook,Engineering,93005,2024-09-02 09:50:45,3.09,E00182
E00700,Amy,Krueger,Finance,78541,2022-05-11 11:47:01,4.87,E00307
E00701,Deborah,Smith,Finance,58387,2020-02-28 11:59:05,4.14,E00522
E00702,Rebekah,Giles,Engineering,128980,2023-12-18 14:16:20,3.99,E01014
E00703,Margaret,Hayden,Sales,214980,2020-05-24 12:52:59,3.76,E00004
E00704,Charles,Wilson,Engineering,120457,2023-02-01 12:21:02,3.43,E00863
E00705,Gabriel,Key,Engineering,179129,2021-02-16 08:28:36,4.44,E00848
E00706,Kyle,Mendoza,Product,99028,2018-01-28 01:32:57,3.7,E00804
E00707,Kaitlyn,Sanchez,Sales,154246,2020-01-01 09:53:49,2.22,E01305
E00708,Ashley,Munoz,Customer Success,90731,2025-05-27 16:27:56,2.82,E00215
E00709,Keith,Harris,Sales,190930,2018-07-23 12:23:00,3.47,E00972
E00710,David,Herman,Support,214761,2022-11-28 23:38:13,3.82,E00101
E00711,Haley,Arnold,Customer Success,79638,2021-05-20 01:53:27,3.56,E00963
E00712,Holly,Rowe,Support,212558,2021-07-04 19:16:17,4.45,E00573
E00713,Sherri,James,Finance,55567,2020-08-18 18:45:41,2.23,E01333
E00714,Vincent,Ferguson,Marketing,195811,2020-12-23 19:24:00,3.7,E00658
E00715,Troy,Howard,Sales,92804,2019-07-19 00:15:09,2.33,E00939
E00716,Christopher,Green,HR,143821,2023-04-05 22:30:33,4.13,E01087
E00717,Bill,Hunt,Security,38754,2022-04-11 23:41:22,3.53,E00226
E00718,Ryan,Crawford,Product,62044,2025-07-15 04:31:20,3.89,E00105
E00719,Marcus,Garcia,Engineering,102260,2024-08-17 21:52:02,3.0,E00772
E00720,John,Zavala,Customer Success,101912,2021-12-27 00:01:50,4.5,E01279
E00721,Christopher,Harrison,HR,43706,2020-05-31 23:57:25,4.33,E00429
E00722,Suzanne,Franco,Engineering,43894,2022-03-18 22:05:04,4.01,E00434
E00723,Mary,Rocha,Engineering,184109,2022-03-25 07:02:35,3.51,E01231
E00724,Barbara,Wood,Customer Success,118986,2022-06-11 03:06:29,4.01,E01052
E00725,Stephanie,Gutierrez,Support,116942,2020-04-08 22:17:23,3.11,E00682
E00726,Yvonne,Hart,Security,217684,2019-05-09 07:34:47,4.2,E00588
E00727,Emily,Walker,Engineering,64725,2023-02-01 00:02:36,4.75,E01093
E00728,Joseph,Thomas,Customer Success,171998,2021-08-15 01:15:22,4.35,E00866
E00729,Billy,Green,Engineering,139555,2018-05-12 14:00:56,3.09,E00746
E00730,Katelyn,Donovan,Engineering,44496,2021-07-16 10:18:11,3.85,E01191
E00731,Thomas,Riley,Engineering,91447,2023-09-02 18:31:21,2.69,E00864
E00732,Denise,Butler,Customer Success,136604,2020-08-04 02:23:55,4.0,E00368
E00733,Sabrina,Hernandez,Support,195878,2021-01-30 19:36:57,3.92,E00251
E00734,Howard,Rivera,Finance,123199,2025-02-24 21:21:41,2.29,E00859
E00735,Brenda,James,Sales,76321,2019-09-04 21:14:40,2.79,E00856
E00736,Cynthia,Whitaker,Operations,188728,2020-05-15 21:32:38,3.4,E01194
E00737,Travis,Porter,Marketing,90147,2021-04-07 14:50:03,3.39,E01114
E00738,Christopher,Pena,Customer Success,126396,2020-05-07 15:11:11,2.75,E00561
E00739,Michael,Cohen,Marketing,215738,2021-02-13 10:23:42,3.87,E00294
E00740,Mathew,Scott,Sales,73787,2022-05-25 21:46:56,3.78,E00919
E00741,Elizabeth,Underwood,Finance,56727,2020-11-24 15:10:31,3.46,E01174
E00742,Mia,Levy,Sales,130081,2018-11-21 00:35:39,3.07,E01156
E00743,Mark,May,Customer Success,157721,2023-03-30 12:46:49,4.33,E00433
E00744,Heather,Henry,Finance,103056,2024-01-28 13:08:27,4.76,E00059
E00745,Keith,Jackson,Engineering,169153,2018-01-28 08:26:02,3.26,E00969
E00746,Sierra,Norton,Operations,200268,2019-10-02 01:05:57,3.17,E00836
E00747,Lisa,Jackson,Marketing,202807,2020-04-22 11:21:24,3.94,E00199
E00748,Andrea,Cortez,Support,115102,2019-11-22 05:22:49,3.35,E00215
E00749,Shawn,Freeman,Operations,191570,2020-09-29 01:41:14,3.5,E00898
E00750,Leonard,Stark,Support,111865,2019-01-12 19:40:30,4.12,E00472
E00751,Marcus,Weaver,Engineering,197728,2025-10-12 05:13:01,2.26,E00247
E00752,Tara,May,HR,102695,2025-07-08 16:18:48,4.52,E00382
E00753,Richard,Brown,Support,203972,2025-11-08 15:24:17,3.65,E00991
E00754,Xavier,Johnson,Sales,152235,2025-09-21 12:29:24,3.31,E01263
E00755,Vanessa,Bradford,Engineering,213773,2020-02-14 15:02:29,3.54,E00927
E00756,Diane,Landry,Customer Success,143777,2020-05-22 12:47:27,3.57,E01192
E00757,Amy,Barnett,Support,54033,2020-09-01 06:57:35,2.39,E00560
E00758,Robert,Duran,Finance,176877,2023-11-23 21:11:16,4.65,E01075
E00759,Jacob,Gutierrez,Operations,201923,2021-12-27 16:40:56,3.63,E00689
E00760,Michael,Kirby,Customer Success,61832,2021-02-24 09:19:28,3.91,E00380
E00761,Katherine,Hall,Engineering,150725,2025-01-05 09:34:46,4.27,E00474
E00762,Colleen,Mann,Sales,180016,2020-06-11 19:44:57,2.89,E01104
E00763,Kathleen,Smith,Sales,54873,2022-11-13 19:22:46,3.93,E00697
E00764,James,Wagner,Customer Success,75372,2022-11-05 11:11:47,3.41,E00911
E00765,Andrea,Brooks,Engineering,124464,2020-04-18 02:43:04,4.19,E00960
E00766,Sara,Williamson,Support,181451,2019-02-10 02:52:59,2.11,E00478
E00767,Samuel,Estrada,Customer Success,152322,2018-03-09 06:56:15,3.53,E01004
E00768,Helen,Jensen,Operations,202823,2018-10-06 00:07:43,3.18,E00926
E00769,David,Webb,Sales,135082,2024-10-11 14:20:26,3.9,E00707
E00770,Teresa,Freeman,Security,40110,2023-03-05 08:31:48,3.93,E01238
E00771,Chelsea,Smith,Engineering,47087,2020-12-02 17:16:19,3.1,E00854
E00772,John,Arnold,Security,189834,2024-08-02 02:00:44,3.1,E01138
E00773,Eric,Smith,Engineering,117617,2022-12-30 02:10:14,3.52,E01017
E00774,Andrea,Moreno,Marketing,135483,2018-07-31 12:32:35,2.97,E00754
E00775,Andrea,Hill,Customer Success,44596,2022-09-15 00:40:14,4.19,E00503
E00776,Christopher,Madden,Engineering,142539,2024-11-19 08:24:18,3.34,E00817
E00777,Victoria,Smith,Engineering,53313,2021-03-18 21:53:12,1.57,E00588
E00778,Robin,Li,Customer Success,148175,2024-05-23 13:20:31,3.34,E01335
E00779,Steven,Craig,Customer Success,149914,2021-03-17 04:53:30,2.87,E00708
E00780,David,Drake,Support,58705,2020-05-08 03:41:59,2.46,E01068
E00781,Marilyn,Browning,Support,108445,2022-07-09 07:14:40,2.73,E01270
E00782,Tyrone,Rodriguez,Support,138892,2023-12-10 16:22:46,3.68,E01108
E00783,Jennifer,Davis,Sales,37023,2022-02-19 00:07:52,4.53,E00207
E00784,William,Hernandez,Sales,154654,2023-08-08 07:00:07,3.82,E00151
E00785,Joshua,Lee,Engineering,115073,2020-10-15 20:23:35,3.18,E00668
E00786,Mary,Fox,Operations,127197,2020-09-01 01:38:52,3.92,E00528
E00787,Tina,Ochoa,Support,99429,2021-02-17 14:23:17,3.28,E00165
E00788,John,Adams,Marketing,139195,2021-09-20 11:19:22,3.11,E00917
E00789,Andrea,Sanders,Finance,68848,2025-03-15 10:54:59,2.79,E01169
E00790,Patrick,Watson,HR,203876,2021-04-30 16:12:23,2.37,E01010
E00791,Sandra,Sullivan,Engineering,181451,2018-06-08 19:36:34,3.33,E00037
E00792,William,Cunningham,Support,62766,2021-01-30 05:07:40,3.71,E00333
E00793,Natasha,Branch,Finance,103099,2023-07-18 23:10:32,3.53,E00403
E00794,Michelle,Perez,Support,202132,2023-07-21 18:30:57,3.31,E00414
E00795,Joshua,Sutton,Engineering,104122,2024-05-04 08:36:43,2.94,E00045
E00796,Kristy,Abbott,Operations,182159,2022-11-20 15:25:00,4.03,E00206
E00797,Robert,Valdez,HR,83868,2022-12-10 23:18:46,2.68,E00062
E00798,Sarah,Garrison,Support,154119,2024-05-07 14:24:43,4.14,E00420
E00799,William,Malone,Support,189297,2025-11-15 11:07:05,2.9,E00868
E00800,Lori,Davis,HR,130286,2020-09-06 17:27:31,3.07,E00820
E00801,Justin,Gray,Customer Success,41643,2020-10-05 14:40:25,2.57,E00019
E00802,Kenneth,Tran,Engineering,71727,2025-03-05 04:09:11,3.25,E00365
E00803,Brenda,Brown,Support,177077,2018-09-17 16:51:20,4.28,E01324
E00804,Yolanda,Smith,Support,144079,2025-01-11 23:19:18,3.96,E01031
E00805,Tracy,Jackson,Marketing,100697,2022-10-16 06:45:24,4.28,E00428
E00806,Edgar,Porter,Customer Success,51029,2022-03-08 23:05:27,3.97,E01141
E00807,Amanda,Hamilton,HR,180298,2025-04-29 19:11:27,2.83,E00580
E00808,Michael,Mueller,HR,194803,2021-07-14 08:18:27,3.37,E00546
E00809,Andrea,Knight,Marketing,144458,2024-01-21 05:29:21,3.05,E00325
E00810,Amy,Hodge,Engineering,145384,2020-08-31 21:10:34,4.53,E00055
E00811,Stanley,Davis,Product,103926,2021-06-10 02:18:54,2.76,E00778
E00812,Marc,Rice,Security,172069,2019-10-14 10:55:23,4.23,E00992
E00813,Jacob,Williams,Engineering,90506,2021-08-31 14:22:13,4.23,E00042
E00814,Heidi,Lewis,HR,113229,2025-03-28 15:06:16,4.88,E01321
E00815,Ashley,Parrish,Security,215887,2020-05-18 23:53:52,3.31,E00231
E00816,Jesus,Clay,Finance,77092,2023-02-27 02:06:50,4.1,E00453
E00817,Kimberly,Alvarez,Support,97539,2023-03-11 07:31:37,5.0,E00394
E00818,Bradley,Williams,Marketing,187889,2019-02-19 05:45:15,3.17,E01152
E00819,Julie,Jones,Engineering,203933,2025-10-16 03:30:14,2.53,E00691
E00820,Janet,Frost,Sales,48428,2020-02-25 13:38:49,2.28,E00392
E00821,Lisa,Lam,Customer Success,210006,2020-11-13 15:35:20,4.1,E01217
E00822,Paul,Elliott,Engineering,176330,2022-09-21 16:04:40,2.28,E00604
E00823,Elizabeth,Johnson,Sales,92775,2022-04-07 00:25:45,3.34,E00881
E00824,Lori,Mcfarland,Marketing,40469,2018-05-12 14:02:34,3.91,E01102
E00825,Tina,Edwards,Finance,63854,2020-02-25 08:13:32,3.73,E00085
E00826,Tyler,Ali,Operations,172328,2021-07-28 06:21:06,3.9,E01054
E00827,Benjamin,Matthews,Sales,111256,2020-12-27 18:31:38,3.76,E00049
E00828,Wayne,Goodwin,Sales,200009,2024-01-04 20:57:48,4.5,E01169
E00829,Brittany,Marquez,Customer Success,134134,2021-09-17 08:37:27,2.93,E00069
E00830,Molly,Sanders,Marketing,167723,2019-06-29 13:28:07,3.13,E01082
E00831,Morgan,Jones,Engineering,216360,2022-04-11 22:40:03,3.06,E00697
E00832,Scott,Martin,Marketing,119730,2019-10-17 11:18:06,4.18,E00479
E00833,Alicia,Allen,Engineering,191123,2023-04-17 18:52:14,4.23,E00820
E00834,Stephen,Davenport,Engineering,62386,2024-09-08 06:43:39,3.92,E01320
E00835,Jennifer,Price,Finance,182256,2020-06-04 18:47:38,4.43,E01195
E00836,Robert,Mosley,Marketing,68787,2019-05-08 09:05:46,2.78,E00147
E00837,Diana,Rivera,Operations,56621,2022-06-14 03:19:12,4.77,E01330
E00838,Eric,Campos,Sales,112984,2019-05-07 21:29:18,4.67,E01016
E00839,Terrance,Taylor,Support,211325,2023-10-13 23:35:15,4.11,E00609
E00840,Tanya,Hinton,Support,69051,2021-05-19 19:26:29,4.85,E00446
E00841,Matthew,Ramsey,Engineering,84811,2023-07-07 11:45:27,2.44,E00221
E00842,Heather,Mason,Support,65447,2023-02-07 04:46:45,3.23,E01290
E00843,Debra,Mccann,Engineering,163046,2022-06-04 00:00:59,3.09,E00095
E00844,Melissa,Brown,Product,196326,2023-04-14 09:43:20,4.11,E00262
E00845,Melissa,Kim,Engineering,119045,2020-01-23 16:05:02,2.86,E00897
E00846,Michele,Roberson,Marketing,151859,2020-10-02 05:00:24,4.13,E01095
E00847,Norman,Peterson,Engineering,180544,2018-05-05 06:18:21,4.56,E00219
E00848,Levi,Mack,Product,38471,2018-05-10 01:49:13,4.09,E00092
E00849,Jennifer,Friedman,Finance,155312,2021-01-13 16:33:52,3.8,E00127
E00850,Katherine,Sanders,Support,174401,2025-07-27 05:30:25,2.91,E00080
E00851,Monique,Ayala,Engineering,200937,2019-01-25 19:22:44,3.01,E01262
E00852,Barry,Johnson,Customer Success,81850,2018-10-22 08:58:27,4.47,E00983
E00853,Casey,Nelson,Engineering,89220,2023-10-27 03:50:00,4.15,E00916
E00854,Crystal,Riddle,Operations,128808,2019-05-21 17:22:18,3.57,E00486
E00855,Samantha,Henry,Engineering,172469,2024-01-25 06:43:03,3.31,E00694
E00856,Wendy,Kelly,Engineering,201597,2019-04-07 01:19:49,2.18,E00025
E00857,Julie,Pugh,Engineering,88072,2023-07-14 08:00:32,2.85,E00156
E00858,Ryan,Reynolds,Finance,118820,2020-10-12 18:51:29,4.94,E00632
E00859,Corey,Frazier,Support,58284,2025-01-24 19:01:57,2.7,E01081
E00860,Cynthia,Guerrero,Engineering,118369,2022-01-14 09:25:46,3.73,E00019
E00861,Monique,Miller,Customer Success,60122,2019-07-06 04:51:45,4.31,E01217
E00862,Scott,Montgomery,Marketing,165349,2025-05-27 21:43:42,2.72,E00237
E00863,Heather,Yates,Finance,105553,2023-09-08 06:53:19,3.73,E00277
E00864,Rebecca,Marquez,Marketing,129788,2018-01-31 00:05:16,4.26,E01251
E00865,Brandon,Miller,Marketing,97812,2019-07-30 04:58:33,3.61,E00745
E00866,Laura,Moore,Support,42999,2025-06-08 04:35:32,5.0,E00552
E00867,Kelly,Dawson,Engineering,57436,2021-05-18 07:43:41,2.43,E01347
E00868,Nicholas,Walters,Engineering,77963,2019-11-14 23:31:16,4.34,E01177
E00869,Dustin,Singh,Security,168168,2025-12-13 12:09:41,3.48,E00639
E00870,Amanda,Stewart,HR,191351,2021-05-13 00:47:33,4.14,E00237
E00871,Ashlee,Rodriguez,Sales,143899,2025-04-21 11:13:01,3.91,E00998
E00872,Laura,Smith,Sales,61201,2025-10-02 18:28:37,3.09,E00055
E00873,George,Parker,Support,185787,2019-06-24 13:44:29,3.76,E00684
E00874,Christian,Ward,Marketing,195381,2021-01-06 19:43:13,2.3,E00109
E00875,Monica,Nelson,Engineering,181150,2024-05-18 09:43:41,4.02,E01208
E00876,Christine,Anderson,Engineering,40105,2024-05-04 08:41:45,3.81,E01222
E00877,John,Lopez,Customer Success,152666,2025-07-12 08:56:13,4.05,E00373
E00878,Roberta,Cole,Support,129848,2025-11-14 01:10:36,4.34,E00973
E00879,Douglas,Peters,Engineering,37839,2020-11-14 18:50:06,3.86,E00201
E00880,Steven,Russell,Engineering,103920,2023-12-23 06:40:29,3.7,E00849
E00881,Jonathan,Johnson,Engineering,78619,2023-07-19 16:22:53,2.98,E00509
E00882,Jonathan,Gomez,Support,77821,2025-01-02 04:03:17,3.1,E01346
E00883,Albert,Davis,Engineering,160736,2019-02-04 18:03:08,4.43,E00275
E00884,Linda,George,Engineering,179565,2023-12-19 23:15:19,4.61,E00211
E00885,Rachel,Nguyen,Customer Success,52069,2020-12-13 23:45:47,3.43,E00504
E00886,Erica,Cruz,Engineering,42531,2021-02-01 03:56:28,3.63,E01142
E00887,Eric,Carter,Support,203123,2024-10-20 11:18:02,2.97,E00703
E00888,Scott,Hughes,Engineering,173808,2024-09-19 03:37:15,4.42,E00042
E00889,Michael,Miller,Engineering,173782,2022-03-29 10:59:44,4.07,E00315
E00890,Briana,Santana,Sales,102155,2019-08-20 11:26:08,4.96,E00788
E00891,Danielle,Stein,Customer Success,180047,2023-12-12 23:12:47,2.99,E00329
E00892,Roger,Spence,Security,97424,2025-10-28 09:56:26,3.34,E01041
E00893,John,Armstrong,Security,80603,2023-11-15 15:27:08,3.76,E00283
E00894,Megan,Jackson,Marketing,189324,2021-09-15 17:49:37,4.05,E00943
E00895,James,James,Support,167503,2023-08-15 06:49:46,3.45,E00258
E00896,Paul,Taylor,Engineering,203553,2020-04-18 00:44:14,2.99,E00575
E00897,Timothy,Turner,Sales,127573,2025-06-01 01:44:59,4.22,E00574
E00898,John,Snyder,Operations,175629,2022-08-23 19:18:03,4.1,E00612
E00899,Ashley,Brown,Engineering,138302,2021-02-23 15:33:25,2.96,E01043
E00900,Bailey,Hamilton,Engineering,166234,2024-04-25 05:22:48,4.55,E00837
E00901,Victoria,Fisher,Engineering,200814,2019-04-14 13:18:07,4.42,E00423
E00902,Kenneth,Washington,Engineering,54675,2019-07-28 14:08:03,3.69,E00758
E00903,Tiffany,Jones,Engineering,108997,2019-11-24 10:54:26,3.66,E00763
E00904,Dominique,King,Support,183087,2025-10-20 08:34:55,3.99,E01105
E00905,Joshua,Wright,Marketing,216129,2022-04-24 12:38:15,3.0,E00424
E00906,Ashlee,Weber,Operations,198663,2021-04-19 02:55:59,3.62,E00429
E00907,Gina,Wheeler,Customer Success,175905,2020-02-11 12:06:18,2.09,E00204
E00908,Julie,Gonzalez,Sales,42896,2023-12-10 13:00:09,4.21,E00196
E00909,Brandon,Rodriguez,Sales,199044,2021-01-25 10:55:57,2.51,E00728
E00910,Catherine,Torres,Sales,84733,2018-12-16 22:47:20,4.65,E00285
E00911,Tyler,Rush,Support,76800,2022-04-21 17:07:23,3.37,E00196
E00912,Rebecca,Cook,Sales,131044,2019-04-20 07:47:22,3.45,E00307
E00913,Justin,Oliver,Support,40347,2020-12-02 22:55:32,3.16,E00014
E00914,Lauren,Brock,Marketing,168715,2024-01-16 12:14:09,3.4,E01170
E00915,Catherine,Rivera,Support,75785,2022-03-25 01:08:34,4.59,E01081
E00916,Michael,Cook,Marketing,53681,2024-12-14 23:16:38,1.86,E00723
E00917,Dana,Ochoa,Sales,216098,2019-06-11 00:17:58,4.49,E00780
E00918,Christine,Villarreal,HR,138864,2021-08-08 04:28:21,3.84,E01234
E00919,Erica,Mccann,Customer Success,181964,2019-10-10 16:52:33,2.76,E00529
E00920,Jennifer,Taylor,Engineering,82299,2023-12-12 05:41:45,2.85,E00798
E00921,Donna,Flores,Security,52073,2019-12-07 09:23:17,4.77,E00344
E00922,Mary,Valentine,Finance,137304,2018-05-10 15:02:27,2.94,E01303
E00923,Courtney,Harris,Operations,65682,2020-04-19 16:29:31,2.79,E00209
E00924,Rebecca,Edwards,Customer Success,159302,2023-10-19 09:57:06,4.4,E00641
E00925,Debbie,Oconnell,Marketing,180361,2024-01-28 04:50:36,3.84,E01312
E00926,Kyle,Novak,Engineering,150359,2022-06-24 09:47:38,2.94,E00252
E00927,Scott,Carter,Sales,173999,2023-10-16 17:27:24,3.75,E01289
E00928,Bethany,Neal,Support,214402,2018-11-05 06:46:57,2.88,E00271
E00929,Jessica,Henry,Support,101707,2019-06-22 10:12:32,4.37,E00920
E00930,Christopher,Johnston,Sales,100428,2021-01-30 05:19:38,4.34,E00419
E00931,Kenneth,Sanchez,Engineering,85601,2020-10-01 10:36:26,3.97,E00795
E00932,Julie,Bennett,Security,168611,2020-12-02 18:20:36,3.85,E01235
E00933,Gregory,Velasquez,Product,146487,2020-02-05 09:05:19,4.83,E01100
E00934,David,Long,Finance,188741,2023-06-02 20:40:33,3.6,E01345
E00935,Amber,Wilson,Engineering,186716,2022-01-09 01:42:57,2.77,E00725
E00936,Teresa,Elliott,Sales,184817,2018-12-30 09:25:10,3.91,E00433
E00937,Alyssa,Vargas,Engineering,63228,2020-06-03 12:48:07,5.0,E00109
E00938,Robin,Gardner,Operations,200593,2022-12-28 22:43:24,2.89,E00641
E00939,Maria,Maldonado,Engineering,157788,2023-09-06 00:10:17,3.35,E01071
E00940,Jonathan,Pierce,Support,132239,2023-05-13 14:09:11,3.89,E00379
E00941,Makayla,Benton,Sales,61928,2021-02-21 18:18:05,3.56,E01120
E00942,Timothy,Murray,Support,53322,2022-03-13 15:01:51,2.91,E00958
E00943,Lindsay,Erickson,Support,122896,2024-01-24 02:05:17,4.39,E00103
E00944,Julie,Gonzales,Security,97292,2020-02-16 05:38:08,5.0,E00892
E00945,Matthew,Carter,Engineering,64055,2020-10-27 17:23:54,3.74,E00854
E00946,Darius,Schwartz,Engineering,77891,2023-08-30 23:17:58,2.97,E01170
E00947,Sydney,Fuentes,Engineering,116912,2022-04-08 08:37:36,2.52,E01051
E00948,Donald,Flynn,Operations,172660,2023-02-18 01:32:42,3.78,E00530
E00949,Tammy,Ortiz,Operations,125536,2021-01-31 19:43:15,4.37,E00679
E00950,Michelle,Porter,Support,41304,2018-05-09 12:23:51,3.93,E00989
E00951,Jennifer,Schultz,Support,42345,2019-11-07 00:27:29,3.6,E01106
E00952,Tina,Allen,Support,195372,2020-12-11 01:54:29,3.19,E00428
E00953,Tammy,Hopkins,Engineering,190331,2023-10-24 23:25:16,2.84,E00822
E00954,Linda,Espinoza,Operations,126006,2023-07-10 11:06:19,4.18,E01186
E00955,Michael,Mccormick,Marketing,181424,2019-08-25 15:34:32,4.24,E00932
E00956,Krystal,Jones,Marketing,164350,2021-02-12 18:06:28,2.52,E01062
E00957,Alexander,Ewing,Finance,199437,2019-03-26 07:18:33,4.71,E00511
E00958,Amanda,Mendoza,Engineering,54446,2022-09-08 01:40:51,4.0,E00393
E00959,Shawn,Morales,Engineering,37336,2024-01-23 13:34:28,4.58,E00713
E00960,Emily,Hunter,Customer Success,97032,2018-04-09 16:50:35,2.66,E00494
E00961,Emily,Knapp,Engineering,132852,2024-12-19 20:54:23,2.64,E01224
E00962,Brenda,Holt,Support,173593,2025-01-28 10:51:07,3.5,E01279
E00963,Lynn,Stephens,Sales,189553,2023-08-09 21:48:25,3.95,E01203
E00964,Shelby,Gibbs,Marketing,53474,2025-06-14 19:01:18,4.86,E00547
E00965,Daniel,Ward,Sales,212832,2019-04-11 11:19:06,4.09,E00594
E00966,Jesus,Woodard,Sales,90718,2024-04-08 11:49:40,3.43,E00389
E00967,Angel,Herrera,Customer Success,79629,2022-09-15 18:37:11,2.88,E00158
E00968,Nicole,Little,Sales,80232,2025-11-27 03:16:57,4.46,E01028
E00969,Anna,Miller,Support,121544,2019-04-01 20:13:47,2.92,E00167
E00970,Rose,Mack,Finance,85669,2025-03-14 01:59:03,4.74,E00960
E00971,Jeffrey,Sandoval,Support,104184,2022-11-02 19:21:37,3.4,E00409
E00972,Bryan,Kelly,HR,214017,2019-12-31 22:14:14,4.71,E01228
E00973,Madison,Holland,Customer Success,48140,2023-08-19 02:07:03,4.08,E00194
E00974,Regina,Williams,Engineering,161468,2025-12-06 21:18:39,3.5,E00235
E00975,Kevin,Terrell,Engineering,118457,2022-06-24 10:22:18,3.24,E00718
E00976,Ricky,Byrd,Sales,49357,2018-07-09 22:43:33,3.36,E01174
E00977,Donald,Ross,Support,146672,2025-04-23 13:00:20,3.9,E01183
E00978,Sophia,Goodwin,Engineering,103673,2025-12-08 11:29:30,3.65,E01303
E00979,Kevin,Sheppard,Finance,156673,2021-12-21 00:53:12,3.18,E00816
E00980,Travis,Jordan,Support,100633,2021-10-12 04:13:16,3.48,E00404
E00981,Colton,Smith,Sales,131111,2023-11-27 22:27:14,3.66,E00893
E00982,Paige,Green,Customer Success,113258,2020-09-03 10:46:03,2.11,E00678
E00983,Derek,Dixon,Engineering,178996,2023-02-04 20:31:08,3.92,E01335
E00984,Shawn,Stone,Engineering,104286,2018-01-23 00:15:40,2.91,E00068
E00985,Ellen,Carpenter,Customer Success,128269,2025-08-15 21:43:37,2.79,E00088
E00986,Julia,Johnston,Finance,109071,2021-08-04 12:15:31,2.42,E00217
E00987,Sonya,Griffin,Support,65651,2023-04-17 23:32:24,2.34,E00001
E00988,Robert,Myers,Marketing,105202,2021-12-03 00:07:17,2.65,E01159
E00989,Julia,Barton,Sales,83777,2021-02-09 05:09:11,3.1,E00140
E00990,Eric,Chapman,Customer Success,183066,2025-02-27 01:59:18,4.97,E00618
E00991,Robert,Mason,Customer Success,102263,2024-01-23 15:34:50,3.23,E00133
E00992,Corey,Cooper,Support,135158,2020-05-12 07:45:37,3.72,E00178
E00993,Tracy,Johnson,Sales,45800,2025-08-03 14:19:30,3.88,E00810
E00994,Ricky,Garcia,Support,72823,2025-10-13 04:39:28,3.69,E00380
E00995,Stephanie,Perry,Sales,98878,2024-02-11 13:16:15,3.55,E00908
E00996,Antonio,Nixon,Engineering,53708,2019-09-25 07:50:48,2.76,E00658
E00997,Mitchell,Wilson,Operations,178891,2019-07-02 04:58:04,4.62,E00450
E00998,Scott,Shepard,Engineering,98870,2023-12-30 16:54:30,4.87,E00586
E00999,Stephanie,Thomas,Product,44283,2019-06-04 03:45:06,2.42,E00463
E01000,Melissa,Collins,Marketing,196645,2020-05-17 20:25:55,2.88,E00990
E01001,Cory,Gibson,Engineering,113707,2021-11-03 21:48:03,3.4,E01132
E01002,Gina,Clark,Support,197005,2018-08-01 00:19:00,2.92,E00122
E01003,Amy,Webb,Operations,40774,2022-06-10 10:43:41,3.95,E00017
E01004,Tiffany,Alvarez,Customer Success,177055,2023-11-29 17:45:06,3.09,E01220
E01005,Michael,Kim,Customer Success,131468,2025-11-08 10:16:02,5.0,E00327
E01006,Raymond,Horton,Support,131334,2019-10-30 12:56:16,4.43,E00318
E01007,James,Flores,Support,53133,2018-12-08 06:40:38,3.75,E00809
E01008,David,Evans,Security,181011,2019-12-28 21:25:46,4.32,E01276
E01009,Melanie,Patrick,Sales,35781,2021-06-23 23:52:57,4.37,E00503
E01010,Shawn,Wilson,Finance,149586,2024-01-28 03:06:53,3.21,E00119
E01011,Elizabeth,Sweeney,Engineering,62624,2023-02-10 13:48:01,3.03,E00710
E01012,Darlene,Wong,Product,41823,2025-06-24 04:42:20,3.65,E00045
E01013,Carla,Byrd,HR,53489,2018-02-19 18:41:55,4.2,E00314
E01014,Andrew,Martin,Engineering,206033,2019-07-17 21:04:28,3.7,E01203
E01015,Kristin,Riggs,Customer Success,64118,2018-03-20 05:53:23,2.5,E00418
E01016,John,Sanchez,HR,135417,2019-07-18 18:38:44,3.04,E00556
E01017,David,Thompson,Engineering,116816,2024-04-09 13:44:58,3.55,E01102
E01018,Anne,Moore,Support,188335,2023-07-12 10:20:01,3.55,E00326
E01019,Casey,Castro,Operations,48565,2022-04-22 09:20:03,4.98,E00515
E01020,Kathy,Mullen,Engineering,186426,2022-09-25 12:12:48,2.63,E00214
E01021,Jamie,Hall,Support,209023,2025-03-14 14:51:29,3.95,E00074
E01022,Jason,Sullivan,Sales,126179,2021-09-15 22:17:36,4.64,E00509
E01023,Molly,Lopez,HR,58648,2018-07-23 11:04:25,5.0,E00332
E01024,Mark,Davidson,Product,216801,2018-04-28 02:21:13,3.32,E01117
E01025,Dylan,Reynolds,HR,76971,2023-11-20 10:14:04,3.94,E00688
E01026,Rachel,Johnson,Finance,53658,2023-01-07 22:17:55,4.0,E00657
E01027,Aaron,Mendez,Security,56253,2023-05-08 19:07:31,3.74,E01293
E01028,Michele,Gonzalez,Security,214635,2021-09-29 23:40:06,3.53,E00912
E01029,Duane,Vargas,Sales,192462,2018-10-24 04:03:21,3.91,E01162
E01030,David,Price,Security,123664,2021-09-19 21:27:22,1.83,E01255
E01031,John,Bush,Engineering,217650,2022-07-16 23:24:58,4.08,E00600
E01032,Greg,Harris,Support,138850,2018-03-30 02:17:12,3.69,E01076
E01033,Donna,Goodwin,Engineering,198730,2023-04-20 05:15:20,3.44,E00325
E01034,Anthony,Stokes,Engineering,172924,2023-08-10 18:50:44,5.0,E00992
E01035,Alexis,Brown,Engineering,168623,2022-11-26 12:07:21,3.13,E00717
E01036,Kristy,Garcia,Support,106947,2020-07-24 13:14:40,3.32,E00723
E01037,John,Wiggins,Sales,96001,2024-11-01 12:54:40,4.99,E00277
E01038,Mario,Lopez,Customer Success,215231,2021-02-26 04:20:37,3.02,E00536
E01039,Grant,Nguyen,Engineering,157775,2025-05-21 19:02:57,3.21,E00152
E01040,Brian,Ellis,Sales,217779,2025-06-04 16:36:07,3.5,E00955
E01041,Judy,Baker,Finance,68243,2022-06-03 12:39:08,4.19,E00259
E01042,Alicia,Huffman,Customer Success,187872,2023-02-02 16:15:36,3.75,E00324
E01043,Julie,Rose,Sales,110939,2019-10-07 04:53:48,2.7,E01017
E01044,Thomas,Fowler,Support,92828,2025-09-03 16:43:47,3.23,E00869
E01045,Kimberly,Harper,Operations,173311,2020-08-08 13:46:44,3.17,E01192
E01046,William,Carr,Support,41710,2022-04-23 19:43:59,3.55,E00688
E01047,Daniel,Matthews,Engineering,187456,2018-02-10 23:50:15,3.9,E00310
E01048,William,Bailey,Engineering,187110,2020-05-24 08:17:54,3.89,E00803
E01049,Sonia,Bruce,Operations,206918,2025-02-22 21:07:32,2.36,E01080
E01050,Bradley,Williamson,Engineering,72991,2020-04-10 01:56:50,4.34,E00620
E01051,Krista,Cervantes,Operations,173043,2019-11-19 21:53:15,3.78,E00473
E01052,Michelle,Mccarthy,Finance,195211,2019-03-13 06:28:41,4.57,E01320
E01053,Adrienne,Evans,HR,120445,2021-09-12 02:44:02,3.91,E00461
E01054,Stephen,Mendez,Customer Success,115257,2022-06-04 09:19:14,4.37,E01348
E01055,Tamara,Miller,Product,72711,2020-07-24 06:23:40,3.93,E00814
E01056,Bruce,Anderson,Sales,41530,2023-07-09 18:30:19,4.54,E00846
E01057,Timothy,Wilson,Customer Success,46116,2025-07-02 04:17:10,3.97,E01165
E01058,Richard,Torres,Marketing,100794,2020-08-07 04:23:10,3.53,E00667
E01059,Gina,White,Finance,166354,2021-11-30 13:07:02,5.0,E00262
E01060,Tracy,Steele,Support,167970,2019-03-22 05:31:50,4.22,E01265
E01061,Renee,Dixon,Operations,39135,2022-07-16 19:33:45,4.0,E00355
E01062,Charles,Barnes,Product,172701,2020-05-22 19:46:47,2.71,E00770
E01063,Christopher,Taylor,Customer Success,144472,2021-07-13 13:43:32,2.7,E00180
E01064,Charlene,Reyes,Marketing,160147,2024-01-19 12:31:16,3.8,E00066
E01065,Cameron,Lopez,Marketing,124087,2019-10-14 14:53:01,3.7,E00820
E01066,Joshua,Reid,Customer Success,68380,2022-02-18 11:26:59,3.17,E00171
E01067,Cynthia,Steele,Engineering,164951,2019-06-14 22:52:06,3.7,E00474
E01068,Amy,Brewer,Engineering,52071,2023-04-15 12:49:45,4.71,E00534
E01069,Mark,Cooke,Sales,55074,2019-11-22 08:20:35,4.09,E01131
E01070,Virginia,Peters,Sales,102843,2024-01-22 09:27:13,2.8,E00439
E01071,Alyssa,Burns,Sales,74901,2020-05-04 00:40:19,3.52,E00835
E01072,Shawn,Taylor,Engineering,46205,2020-04-23 03:07:24,3.04,E00227
E01073,Catherine,Edwards,Engineering,159661,2021-11-24 05:17:16,3.33,E00442
E01074,Cory,Hayes,Engineering,40906,2018-09-21 21:58:31,3.31,E00396
E01075,Jacqueline,Brown,Product,168663,2024-03-21 11:52:15,3.27,E00728
E01076,Melissa,Howard,Marketing,160576,2020-08-05 17:04:18,2.72,E00084
E01077,Debra,Smith,Marketing,97987,2022-04-06 01:18:39,3.51,E01037
E01078,Kayla,Taylor,Support,115685,2023-10-16 04:30:30,3.21,E00693
E01079,Jennifer,Ochoa,Engineering,145454,2022-06-19 23:24:29,1.55,E00493
E01080,Jason,Maynard,HR,140487,2020-08-31 02:51:07,5.0,E01292
E01081,Shannon,Wagner,Customer Success,89400,2019-07-03 22:10:53,4.36,E01144
E01082,Jeremy,Simpson,Engineering,191222,2019-03-07 09:44:24,3.34,E00970
E01083,Matthew,Cohen,Marketing,66852,2025-01-21 16:31:22,3.61,E00353
E01084,Shawn,Perry,Operations,208942,2018-11-20 11:51:31,2.78,E01081
E01085,Robert,Larsen,HR,87756,2024-02-27 23:34:17,4.79,E00040
E01086,Cody,Burns,Finance,150357,2018-06-13 06:34:54,4.93,E00640
E01087,Ronald,Miller,Support,154052,2018-08-12 12:36:50,3.71,E00173
E01088,Elizabeth,Johnson,Engineering,91481,2018-12-11 00:24:04,4.32,E00259
E01089,Nicholas,Juarez,Product,36283,2021-01-23 14:24:00,3.72,E00517
E01090,Elijah,Carter,Engineering,68691,2022-09-07 15:12:02,2.66,E00730
E01091,Sandra,Hill,HR,167197,2022-06-07 05:17:34,3.31,E00523
E01092,Carlos,Medina,Support,61170,2019-12-10 05:03:22,3.69,E00839
E01093,Marie,Jackson,Support,43438,2021-03-05 12:55:03,3.28,E00117
E01094,Christopher,Ellis,Finance,55095,2024-06-26 06:14:22,3.45,E00184
E01095,Colin,Newton,Engineering,182226,2020-09-05 20:19:08,3.54,E01140
E01096,Joanne,Cannon,Engineering,174076,2023-05-06 02:08:35,3.54,E00162
E01097,Lisa,Dunn,Engineering,44752,2018-11-01 03:07:13,3.64,E00543
E01098,Angela,Wilson,Engineering,90426,2021-04-03 09:14:04,2.86,E01261
E01099,Brenda,Wilson,Customer Success,61819,2020-11-16 00:30:15,3.1,E00839
E01100,Anna,Hampton,Sales,127051,2023-06-17 12:16:23,2.7,E01090
E01101,Mark,Morrow,Engineering,190289,2022-01-13 22:38:33,4.28,E01094
E01102,David,Richardson,Product,67994,2019-09-03 19:58:59,2.13,E00447
E01103,Michael,Carson,Operations,181108,2021-08-15 01:09:22,4.41,E00416
E01104,Elizabeth,Williams,HR,132756,2020-02-18 10:23:29,4.57,E00532
E01105,Karen,Ball,Product,215488,2018-02-13 21:33:44,3.39,E00441
E01106,Miranda,Payne,Engineering,175659,2021-07-06 05:01:36,1.78,E00738
E01107,Jennifer,Fritz,Marketing,130665,2023-04-28 09:37:26,3.35,E00464
E01108,Tanya,Garcia,Customer Success,166717,2024-03-07 00:13:40,3.56,E00396
E01109,Caroline,Greer,Support,197002,2022-06-03 05:07:03,2.89,E00711
E01110,Michael,Potter,Engineering,116835,2023-06-13 20:41:23,3.24,E00395
E01111,Becky,Evans,Customer Success,157232,2024-11-01 20:33:26,4.67,E00326
E01112,Jason,Kidd,Engineering,196162,2025-08-16 06:30:04,4.07,E01115
E01113,Diane,Cole,Engineering,218214,2023-02-11 16:03:16,2.95,E00750
E01114,Jeffrey,Bailey,Finance,192547,2020-04-16 07:46:38,2.48,E01094
E01115,Daniel,Montoya,Support,184960,2018-05-23 12:13:49,3.37,E01190
E01116,Megan,Gonzales,Support,78732,2024-05-10 11:53:24,3.45,E00642
E01117,Michael,Mcknight,Engineering,81305,2020-02-12 19:59:57,3.95,E00214
E01118,Kathryn,Rowe,Operations,212109,2022-05-11 19:21:12,3.23,E00369
E01119,Audrey,Young,Sales,44346,2018-01-01 13:52:56,3.96,E00049
E01120,Lindsay,Cochran,Engineering,35587,2021-10-20 11:05:32,4.95,E01076
E01121,Megan,Matthews,Operations,47763,2023-08-29 05:58:16,4.17,E01313
E01122,Terri,Bell,Product,104615,2021-01-23 23:41:41,3.57,E01263
E01123,Loretta,Page,Security,202188,2024-10-05 10:04:53,3.47,E00133
E01124,Christina,Chen,Customer Success,155987,2025-06-08 21:23:48,3.35,E00999
E01125,Dawn,Martin,Support,126353,2022-11-07 02:11:04,4.43,E00786
E01126,Anthony,Taylor,Support,130648,2022-11-04 14:24:09,3.16,E01190
E01127,Sarah,Clark,Engineering,60556,2019-10-12 05:29:11,3.63,E00373
E01128,Maria,Clark,Marketing,94042,2023-04-05 01:48:54,3.64,E00479
E01129,Joseph,Brown,Sales,53099,2020-03-10 06:15:02,3.25,E00832
E01130,Henry,Bell,Sales,144089,2025-05-18 05:35:33,2.64,E00650
E01131,Jacqueline,Campbell,Customer Success,211168,2019-05-17 14:33:56,3.83,E00682
E01132,Kyle,Ryan,Finance,179302,2025-05-05 11:55:40,3.56,E00688
E01133,Matthew,Morris,Engineering,195081,2023-11-04 09:33:54,3.95,E01324
E01134,Adam,Padilla,Engineering,68866,2019-01-20 11:29:03,3.23,E00082
E01135,Molly,Roberts,Support,140400,2018-03-15 06:20:34,4.45,E00087
E01136,Ashley,Adams,Engineering,119246,2025-01-24 00:14:13,2.99,E00225
E01137,Richard,Hodge,Security,111975,2023-09-12 02:47:10,4.8,E00016
E01138,Donald,Duke,Finance,207927,2018-06-29 21:16:51,2.38,E00822
E01139,Cynthia,Shelton,Finance,116557,2021-12-29 18:32:59,3.9,E00163
E01140,Anthony,Davis,Support,172488,2023-01-04 00:19:49,3.93,E00514
E01141,Julie,Estes,Security,107516,2024-01-08 10:09:54,3.04,E00350
E01142,Jason,Floyd,Sales,184130,2023-03-07 08:04:14,3.9,E00681
E01143,Robert,Sellers,Support,206790,2020-02-17 05:58:59,4.5,E01116
E01144,Matthew,Riddle,Support,67602,2025-05-28 01:20:46,2.05,E00181
E01145,Mitchell,Camacho,Sales,193588,2023-07-29 07:58:32,3.95,E00743
E01146,Jennifer,Martinez,Operations,164295,2022-11-21 20:38:28,1.85,E01325
E01147,Kimberly,Cline,Customer Success,122969,2019-03-27 19:39:56,2.92,E00660
E01148,Ashley,Wright,Support,167161,2024-06-25 15:50:46,4.74,E01213
E01149,Christopher,Dawson,Security,203418,2024-05-31 21:29:29,3.19,E01338
E01150,Brian,Poole,Security,176559,2025-03-16 05:01:37,2.78,E00493
E01151,Eric,Juarez,Customer Success,35155,2020-11-11 22:39:25,3.46,E00923
E01152,Christine,Lowe,Security,158950,2019-09-29 01:11:25,5.0,E00128
E01153,Emily,Burns,Support,102494,2018-10-02 17:39:48,2.32,E00565
E01154,Joseph,Ray,Support,111229,2021-06-02 18:55:20,2.86,E01211
E01155,Ebony,Adams,Support,139648,2018-05-20 20:45:35,4.65,E00550
E01156,Todd,Perry,Customer Success,73547,2018-08-01 17:36:26,4.9,E00453
E01157,Scott,Hayes,Engineering,63795,2020-12-01 17:13:22,3.53,E00471
E01158,Joshua,Schultz,Operations,56447,2025-09-15 07:05:49,2.73,E00988
E01159,Kari,Beard,Operations,202670,2018-01-18 17:17:44,5.0,E00738
E01160,Daniel,Davis,Engineering,207886,2025-12-15 02:50:37,4.72,E00224
E01161,Russell,Robertson,Security,122960,2021-05-01 03:33:03,4.08,E00154
E01162,Justin,Ramirez,Engineering,98278,2021-09-01 04:54:18,3.03,E00560
E01163,Erika,Mayer,Sales,90077,2025-09-19 06:00:21,3.57,E00351
E01164,Tommy,Wood,Customer Success,147782,2022-03-09 15:33:55,3.49,E01171
E01165,Elizabeth,Clements,Engineering,137932,2024-06-12 04:46:30,3.83,E00349
E01166,Brandon,Murphy,Customer Success,175600,2022-06-28 20:43:59,4.62,E00182
E01167,Randall,Smith,Security,216172,2018-07-31 04:22:15,4.22,E00637
E01168,Carol,Schroeder,Finance,144869,2019-09-13 12:39:49,2.85,E01018
E01169,Adrian,Oconnor,Engineering,174251,2020-06-23 11:43:16,4.56,E00179
E01170,Kevin,Simon,Sales,83781,2023-10-13 05:52:53,3.82,E01063
E01171,Jason,Ellis,Support,190024,2021-10-30 17:44:52,4.08,E00772
E01172,Derrick,Beck,Product,88798,2021-05-07 22:40:07,4.63,E00894
E01173,Jonathan,Howard,Support,133696,2022-11-26 06:40:48,2.82,E01027
E01174,Mark,Brown,Sales,85939,2018-10-10 20:03:27,3.57,E01016
E01175,Adrian,Ferguson,Support,64516,2020-03-04 04:02:02,3.23,E00064
E01176,Julie,Robinson,Finance,176521,2023-05-17 01:12:22,2.5,E00029
E01177,Gregory,Jordan,Customer Success,85290,2024-01-21 22:56:30,3.84,E00372
E01178,Omar,Lewis,Engineering,161688,2018-07-10 09:00:25,5.0,E00097
E01179,Jane,Adams,Customer Success,121661,2020-12-20 17:15:53,2.31,E01227
E01180,Vincent,Clayton,Support,107954,2020-10-24 13:54:39,3.58,E00993
E01181,Martha,Morgan,Product,57746,2023-10-05 19:17:14,4.05,E00021
E01182,Linda,Lane,Sales,102990,2020-08-03 11:18:57,3.69,E00735
E01183,Charles,Knight,Support,93810,2022-03-03 17:03:58,3.52,E01126
E01184,Michelle,Washington,HR,153362,2020-05-24 17:12:29,2.69,E01070
E01185,Bobby,Cooper,Engineering,181295,2020-11-23 11:24:56,3.76,E00066
E01186,Andrew,Fleming,HR,168669,2020-07-25 21:02:08,3.07,E00603
E01187,Samantha,Williams,Support,37659,2020-01-02 19:46:18,2.07,E01188
E01188,Michelle,Garcia,Engineering,121516,2018-06-20 16:59:11,4.44,E01135
E01189,Barbara,Bowers,Sales,109567,2023-10-10 19:46:17,4.27,E00338
E01190,Ashley,Stevens,Customer Success,50037,2024-01-15 12:28:05,3.64,E00123
E01191,Jenna,Martinez,Engineering,161498,2020-02-01 20:47:52,3.76,E00447
E01192,Robert,Mathews,Support,212810,2024-09-12 06:07:12,4.35,E00611
E01193,Darius,Alexander,Sales,47109,2023-04-26 09:05:07,3.76,E01315
E01194,Andrew,Smith,Support,57010,2019-08-06 00:56:15,4.23,E00671
E01195,Mark,Rubio,Engineering,43787,2024-05-03 12:08:19,3.39,E00615
E01196,Laurie,Harris,Operations,174544,2018-12-22 21:36:46,4.52,E00897
E01197,Christine,Barker,Product,189455,2021-08-31 09:47:04,3.82,E00281
E01198,Marilyn,Anderson,Product,96709,2018-09-03 15:17:14,3.74,E01067
E01199,Samantha,Santos,Customer Success,69518,2019-03-24 15:43:16,2.71,E00596
E01200,Christopher,Moore,Engineering,88909,2023-06-13 04:53:57,3.8,E00703
E01201,Megan,Cantu,Customer Success,53351,2022-03-08 16:31:44,3.02,E01075
E01202,John,Hill,Engineering,219402,2019-11-20 17:00:48,3.15,E00210
E01203,Brianna,Pena,Engineering,50282,2020-11-09 09:41:18,3.03,E00126
E01204,Alexandria,Wright,Sales,187850,2019-03-18 22:51:04,2.85,E00492
E01205,Randy,Watson,Finance,190336,2024-05-29 19:38:26,5.0,E00960
E01206,Kyle,Mckee,Customer Success,40075,2025-09-23 14:05:23,4.53,E00970
E01207,Matthew,Martin,Support,214526,2022-10-02 21:10:40,4.94,E00581
E01208,Mason,Sanders,Marketing,63365,2025-11-19 11:03:04,2.74,E00777
E01209,Gary,Torres,Sales,214272,2019-07-17 09:42:22,3.65,E00258
E01210,William,Lyons,Product,46002,2020-01-16 23:14:31,2.69,E01212
E01211,Daniel,Young,Marketing,48947,2022-08-19 09:24:17,3.11,E00230
E01212,William,Rios,Marketing,129840,2019-04-28 15:44:39,2.96,E00189
E01213,Rebecca,Padilla,Engineering,151219,2025-07-06 19:05:50,4.47,E00010
E01214,Michael,Smith,Customer Success,113610,2021-08-26 13:25:51,3.32,E01138
E01215,Jessica,Woods,Support,87142,2022-11-12 09:30:14,4.35,E01100
E01216,Lori,Anderson,Engineering,91307,2021-04-18 18:59:06,4.02,E00676
E01217,Lisa,Perez,Engineering,170565,2025-04-14 09:35:01,5.0,E00502
E01218,Joel,Frazier,Support,85085,2024-04-05 09:36:00,2.56,E00085
E01219,Dwayne,Smith,Support,69228,2018-12-19 17:10:46,4.48,E00049
E01220,James,Dominguez,Sales,217947,2018-01-07 05:26:17,4.4,E00838
E01221,Carrie,Montoya,Product,197727,2023-08-25 00:49:42,2.92,E01008
E01222,Kathleen,Mcneil,Engineering,78472,2023-03-03 13:54:04,4.3,E00689
E01223,Diana,Henderson,Marketing,84437,2024-09-11 07:02:21,3.84,E00387
E01224,Gregory,Anderson,HR,215488,2022-05-15 21:40:08,3.44,E00970
E01225,Kendra,Jones,Marketing,94711,2021-04-11 14:31:44,3.02,E01006
E01226,Troy,Reyes,Support,172888,2022-03-14 22:54:25,3.1,E00218
E01227,Karen,Cross,Marketing,112175,2025-10-08 00:14:50,5.0,E01005
E01228,Kathleen,Garcia,Sales,99307,2025-01-23 17:30:16,3.6,E01254
E01229,Shane,Edwards,Product,81733,2019-01-20 18:54:20,4.15,E00255
E01230,Sandra,Ibarra,Marketing,163202,2020-05-03 13:08:24,3.05,E00236
E01231,Anne,Taylor,Operations,130028,2022-06-21 13:58:36,3.05,E01050
E01232,Cynthia,Ayala,Engineering,177312,2021-07-11 03:57:57,4.36,E01285
E01233,Claudia,Mullins,Engineering,127493,2021-02-22 19:50:29,2.66,E00271
E01234,Michelle,Anderson,Engineering,160149,2023-06-19 16:16:19,3.31,E00123
E01235,Courtney,Haney,Support,198834,2023-08-02 09:17:39,3.62,E00656
E01236,Edward,Thomas,Sales,43259,2022-05-26 22:45:08,3.68,E01281
E01237,Carlos,Moreno,Security,216211,2023-12-30 02:27:14,3.47,E00259
E01238,Scott,Smith,Finance,163775,2025-09-03 09:16:00,3.88,E00948
E01239,Kevin,Santos,Product,49849,2019-11-11 12:46:54,4.08,E00047
E01240,Joshua,Alexander,Engineering,116768,2020-01-02 16:37:04,4.11,E00863
E01241,Brian,Bowen,Security,141108,2023-05-21 09:03:07,2.91,E00525
E01242,William,Fuller,Customer Success,124709,2024-04-08 10:05:35,3.4,E00888
E01243,Lance,Hernandez,Customer Success,89869,2019-04-22 18:06:46,4.44,E00208
E01244,Shannon,Jenkins,Security,161888,2024-09-17 04:51:11,4.23,E01335
E01245,Brian,Parks,Customer Success,98095,2025-12-30 21:55:12,2.64,E00747
E01246,Marie,Heath,Support,152886,2018-10-02 06:52:50,3.85,E00149
E01247,Chase,Miller,Engineering,105910,2024-02-15 23:35:53,2.22,E00438
E01248,Michelle,Garcia,Engineering,58567,2023-03-06 17:55:26,3.63,E00155
E01249,Melissa,Goodwin,HR,70292,2018-11-28 16:46:27,4.93,E01114
E01250,Christina,Lawrence,Support,109813,2022-12-05 19:01:51,2.94,E00358
E01251,William,Cruz,Customer Success,132136,2019-09-01 07:38:07,3.02,E01198
E01252,Steven,Richmond,Finance,86631,2024-05-22 14:17:35,4.13,E01241
E01253,Angela,Edwards,Engineering,44885,2022-04-19 11:06:43,2.52,E00456
E01254,Latoya,Taylor,Engineering,101314,2019-04-11 01:00:01,3.16,E00776
E01255,Paula,Hill,Support,100087,2020-03-09 10:33:20,4.02,E00629
E01256,Shannon,Miller,Marketing,195237,2021-06-06 08:54:42,3.16,E01223
E01257,Lisa,Tran,Engineering,130998,2022-05-19 05:48:26,3.43,E00832
E01258,Denise,Greene,Finance,84812,2021-08-10 04:32:51,4.12,E00486
E01259,Marc,Lawson,Engineering,216572,2019-07-22 14:10:47,3.9,E00533
E01260,Thomas,Maxwell,Support,93643,2024-06-21 14:12:29,3.79,E00200
E01261,Edward,Vaughn,Sales,79900,2020-03-16 07:05:29,3.36,E00371
E01262,Bryan,Abbott,Customer Success,209018,2025-04-09 02:53:20,3.86,E01014
E01263,Dale,Barrett,Sales,173923,2022-06-17 08:45:01,3.51,E00853
E01264,Rachel,Turner,Marketing,51288,2022-03-10 23:41:21,3.92,E00248
E01265,Matthew,Holmes,Engineering,107692,2018-01-09 00:28:44,3.25,E00788
E01266,Jennifer,Hicks,Engineering,173440,2022-10-07 13:43:18,3.47,E00264
E01267,William,Adkins,Marketing,120436,2024-06-17 21:58:27,2.91,E01082
E01268,Gerald,Phillips,Finance,81403,2020-05-13 12:25:30,3.58,E01326
E01269,John,Brown,Support,126170,2018-02-24 01:53:32,3.03,E00031
E01270,Samuel,Hurst,Sales,44168,2018-08-19 01:35:14,2.82,E01273
E01271,Scott,Blevins,Support,84879,2020-07-18 05:49:57,3.78,E00605
E01272,Alexandra,Simpson,Security,94871,2024-04-27 01:31:36,3.75,E01295
E01273,Erik,Rodriguez,Customer Success,67174,2022-09-01 14:12:48,4.15,E00502
E01274,Nathan,Porter,Engineering,172653,2022-01-08 04:57:20,3.3,E01108
E01275,Justin,Wheeler,Finance,145155,2023-07-18 22:13:59,3.89,E00886
E01276,Riley,Rice,Engineering,106853,2025-01-12 11:11:14,3.99,E00549
E01277,Matthew,Levine,Sales,99046,2025-06-06 23:29:56,3.91,E00839
E01278,Carla,Hatfield,Product,84678,2018-08-27 09:22:08,3.02,E01117
E01279,Kristina,Peck,Engineering,61649,2022-03-19 17:30:02,3.7,E00848
E01280,Deborah,Anderson,Finance,162795,2024-02-04 05:57:35,3.85,E00614
E01281,Cameron,Valencia,Support,123668,2024-10-28 11:54:45,3.61,E00412
E01282,Cody,Carroll,Customer Success,180639,2025-08-15 09:29:11,2.14,E00432
E01283,Erika,Diaz,Support,124906,2025-05-21 01:27:40,3.71,E00678
E01284,Justin,Vega,Engineering,131019,2021-04-08 17:01:35,5.0,E00159
E01285,Jennifer,Farmer,Sales,113002,2024-10-21 16:28:47,3.35,E00014
E01286,Diane,Best,Finance,63803,2021-08-30 17:47:41,3.09,E00373
E01287,Rebecca,Townsend,Engineering,184302,2025-03-05 01:58:58,3.86,E00225
E01288,Morgan,Smith,Sales,183934,2020-01-15 00:28:02,3.82,E01097
E01289,Mathew,Jones,Engineering,209427,2020-12-07 10:32:43,4.43,E01273
E01290,Brandi,Baker,Engineering,197331,2023-05-05 00:05:35,2.72,E00511
E01291,Donald,Williams,Marketing,65795,2018-11-30 19:20:26,4.11,E00603
E01292,Michael,Brown,Engineering,43770,2018-08-04 19:02:02,4.01,E00216
E01293,Tammy,Mccormick,Support,46093,2025-03-09 11:47:21,3.5,E00988
E01294,Holly,Hunter,Support,212643,2022-05-24 07:26:11,3.84,E01244
E01295,Philip,Fuller,Customer Success,166265,2025-02-05 12:15:26,4.32,E00840
E01296,Brooke,Mason,Engineering,135311,2018-01-02 10:49:15,4.21,E00727
E01297,Sharon,Perry,Engineering,52569,2023-06-14 16:11:02,2.8,E01245
E01298,Kyle,Miles,Engineering,46190,2018-07-21 07:25:53,4.17,E00554
E01299,Nicholas,Miller,Support,97824,2018-07-14 09:44:53,3.55,E01066
E01300,Latasha,Herrera,Customer Success,208824,2024-06-29 07:53:22,3.65,E00676
E01301,Lisa,Jensen,Engineering,198399,2018-03-17 08:00:56,3.65,E00873
E01302,Elizabeth,Ramirez,HR,77070,2024-05-09 13:04:36,3.49,E00283
E01303,Maria,Collins,Engineering,75197,2019-02-22 03:32:23,4.43,E01082
E01304,Joanne,Dixon,Support,37261,2018-01-24 06:13:26,3.54,E00834
E01305,Gina,Harris,Customer Success,192584,2018-01-19 01:15:57,2.82,E00537
E01306,Alicia,Morton,Operations,172788,2019-04-05 14:52:50,3.32,E01097
E01307,Debbie,Herrera,Customer Success,121795,2023-03-13 22:49:21,3.73,E00923
E01308,Rodney,Myers,Customer Success,63933,2020-10-07 15:04:47,4.46,E01153
E01309,Michael,Walters,Sales,170450,2024-01-17 10:03:34,4.02,E00842
E01310,Michael,Davenport,Customer Success,75583,2022-03-26 08:18:26,3.0,E00948
E01311,Henry,Becker,Engineering,147082,2018-05-29 19:14:58,5.0,E00665
E01312,Jason,Jones,Operations,120371,2019-08-28 07:35:45,3.79,E01149
E01313,Stacey,Hale,Support,195105,2024-09-02 19:02:39,4.49,E00067
E01314,Tom,Blair,Customer Success,190072,2023-02-23 19:06:47,3.49,E00006
E01315,Jeremy,Mathis,Marketing,146032,2025-01-20 18:31:23,3.97,E00637
E01316,Devin,Brown,Support,77604,2024-08-25 18:39:44,4.19,E00314
E01317,Chris,Miller,Finance,130074,2020-09-11 01:08:27,4.45,E01350
E01318,Megan,Hamilton,Customer Success,108869,2023-02-14 17:35:57,4.34,E00565
E01319,Craig,Chavez,Engineering,40410,2020-02-19 13:29:24,4.21,E00826
E01320,Kelli,Lynch,Engineering,118375,2025-09-23 09:07:22,3.38,E00506
E01321,Mary,Parker,Sales,131055,2018-07-15 05:54:12,3.2,E01106
E01322,Nicole,Harmon,Engineering,172868,2023-07-05 04:52:42,3.83,E01026
E01323,Benjamin,Yang,Operations,121716,2022-12-28 03:39:55,4.25,E00204
E01324,Matthew,Wilson,Engineering,89245,2020-12-07 06:06:24,3.44,E00662
E01325,Katie,Zimmerman,Product,78056,2025-07-23 22:02:44,4.35,E00805
E01326,David,Miles,Sales,183781,2024-02-25 20:34:00,4.62,E00404
E01327,Nicholas,Martin,Engineering,93557,2018-05-29 08:38:51,2.96,E01127
E01328,Francis,Benton,Customer Success,52543,2022-01-07 19:32:29,3.01,E00536
E01329,Marie,Mills,Support,203490,2023-11-08 18:41:08,3.5,E01236
E01330,Kellie,Logan,Finance,131038,2018-10-18 23:08:37,3.82,E00577
E01331,Lisa,Le,Support,182796,2022-08-06 05:03:54,3.23,E01233
E01332,Gabriel,Jackson,Customer Success,38828,2023-11-26 04:14:24,4.55,E00763
E01333,Samuel,Martinez,Engineering,151656,2022-11-13 13:21:01,3.9,E00117
E01334,Robert,Norman,Product,52087,2020-11-30 18:30:09,3.63,E00628
E01335,Erica,Adams,Product,178677,2025-11-11 14:34:23,2.59,E00749
E01336,John,Tanner,Support,66337,2020-11-08 01:20:40,2.68,E00105
E01337,Sean,Wise,Engineering,171554,2025-02-24 19:47:33,3.8,E00495
E01338,Justin,Johnson,Support,100333,2020-09-19 00:37:24,2.11,E00046
E01339,Kaitlyn,Roman,Engineering,217024,2019-04-23 18:29:14,4.31,E00823
E01340,Shane,Nelson,Engineering,171535,2025-09-13 21:18:57,3.49,E01240
E01341,Amanda,Brown,Sales,105448,2020-06-08 21:13:01,5.0,E00982
E01342,Kyle,Joseph,Finance,39648,2018-11-17 04:27:18,5.0,E00960
E01343,Lindsey,Ray,Security,165576,2018-12-12 09:58:27,3.47,E00845
E01344,Taylor,Jones,Customer Success,68623,2024-01-24 13:39:44,3.53,E00449
E01345,Mary,Gibson,Customer Success,70634,2020-04-11 20:54:36,4.3,E00536
E01346,Micheal,Ward,Marketing,210674,2022-09-29 23:46:27,4.79,E00511
E01347,Stacey,Porter,Sales,149598,2024-04-29 11:47:01,2.45,E00540
E01348,Tracey,Bradley,Sales,84334,2024-04-05 00:19:18,2.35,E00016
E01349,Steven,Richardson,Product,103648,2018-12-28 23:57:02,3.16,E00243
E01350,Juan,Scott,Engineering,57054,2025-04-22 23:48:38,4.01,E01231
